$-Top 8 Info Collected,Stream-Pools URL,SmashGG Name (from Staff-Lead TOs),Time-Start Pools (Short),⭕️ Match Final,Staff-Lead TO Discord ID,⭕️ Top 8 Info,IRL-Unreg,Smash BR URL,Data-Winners,Tournament copy,📺 Finals Stream,Info-Current Entrants,📺 Pools Stream,TopInfinity URL,Start Day,Setups-%,Twitter-Lead TO,Discord Role,⭕️ All $ Paid,✅-Announcead,Twitter-Streamers,$-Total Pot,Start Day Finals,Date Added,🌐 Info,Rollup-Format,Game Name,Info-Entrants/Cap,Staff-Comms Pronouns,Setups-Total Needed,Staff-Lead TOs,Staff-Lead TO Match ID,$-Pot Paid Out,Data-Schedule,Schedule-Streams,$-Unreg Bonuses,✅-Data,Info-% of Cap,Pools-Rounds per Game,Img-Game Logo,✅-Scheduled,📋 Brackets,$-Winners Info Collected #,Setups-Secured,Time-End Pools,Updates-Winners,# Done,Logo gDrive (from Game),Phases,Data-All Waves,SmashID (from Game),Time-Start Finals (Website),Updates-Stream Stats,Record ID,Img-Promo Slide,Tournament,Time-Start Finals,# of Commentators,Rules-Chara Change,✅-Brackets Published,Staff-Commentators,$-Winners Info Confirmed #,$-Winners Info,Time-Run Time #,$-# of Payouts,Time-Start Pools,Time-Alternate Days,Data-Platform Short Name,Status,✅-Brackets Finalized,Info-Cap,Data-Game Record ID,Dropdown Name,Game,Rollup-Lead TOs,Time-Est. Run Time,Time-Run Time,Time-Desired Time,Staff-Bracket Runners,💰 Matcherino,Date Modified,Stream-Finals,Stream Stats (Admin),Promotion,Data-Top 8s,⭕️ Winner Info,Img-Top∞er,Menu Name,Data-Platform,Matcherino Admin URL,Wave Rollup (from Phases),Pools-Bracket Type,Stream-Finals URL,Stream-Pools,Time-Start Finals (Short),$-Match Codes Left,Smash URL,$-Total Match,Master Tournament Link,SmashGG ID (from Staff-Lead TOs),Matcherino URL,Info-Entry Fee,Time-Start Pools (Website),Data-URLs,Tournaments (Encoded),Smash ID,Lineup,Data-Waves Pools,Rollup-Streamers,✅-Bracket Created,Finals-Games per Set,Rollup-Commentators,Staff-Streamers,Pools-Games per Set,Staff-Commentators (Twitter),Staff-Lead TO Smash ID,Short Name,Abbr-Game,Data-Attendees Admin,$-Pot Split,$-Subtotal Pot,$-Match Paid Out,Time-Desired Day,Rollup-BRs,Start Time,$-Pot Bonus Info,$-Pot Bonus Amount,Rollup-Support,Staff-Support,Rules-Game Settings,Info-Software Needed,$-Prizes,Rules-Glitches,Rules-Notes,Updates-Top 8,Time-Unable Days,$-Pot Split Further,IRL-Unreg-Swaps,Volunteers,IRL-Unreg-Swaps copy,Info-Comments,# of Players on Team,Format,956P Notes
1,,Mibeador,Fri 2pm,True,mibeador,True,"rec93Cw4X7wIs234K, recAxfXefd9aP0G99",https://www.start.gg/admin/tournament/vortex-gallery-at-frosty-faustings-xviii-2026/brackets/1402958,"recqUyqBvCNFhxnQn, recTzL2s4ntm814GB, recHWxOijzvNE6Y7g",Akatsuki Blitzkampf Ausf. Achse (Flycast),https://twitch.tv/ugsgaming,35,,https://topinfinity.org/?game=33670&event=1402958&theme=vgffxviii&teams=0,Fri,1,@Mibeador,Akatsuki Blitzkampf,True,True,"@AJ34_SSB, Polaroidprod",180,Fri,2025-09-20T05:40:06.000Z,https://vortexgallery.moe/info#ABKAA,,Akatsuki Blitzkampf Ausf. Achse,35 / 64,"Hagure (it/its), Mibeador (he/him), Stew (he/him)",4,recE0y4mYTZlFeWaZ,Mibeador#837250,1,"recCCxs9AZCtKk1ZD, recf1HR07lbYCYozm",reca5R6jcnOHP5KAC,5,True,55%,2/3,https://v5.airtableusercontent.com/v3/u/57/57/1790683200000/0T4shG_-IGUKnrgjs44qdw/WlAoT7igI8dF34b6yEqhngF9JAzMtr2Cxsosc9x_FIu3H0jqOkH9k6S7mA6TvhY8wQkmnx6yDrMl1OKL11FBTXzMhDIXUYaQHXhdr8mdobWhSAPyos-RkmLTEQCSMmtI9fRVE_IkuIpQTKwJl3mtWNbTP26qO157GvNg3WqNuG8WJPzwnLe9XdIjVyacbQUF/_3VNGqnlKeg2_cUdbxKIYo2Vm1mzg5v8Y7vPb__SKkM,True,https://www.start.gg/tournament/vortex-gallery-at-frosty-faustings-xviii-2026/event/akatsuki-blitzkampf-ausf-achse,3,4,05:00pm,"rec8jRkvfigvLOZ5U, recki3K8RM4gg0PrL, recvHYSnKZyyBU0U4",None,https://drive.google.com/uc?id=1AG77jbWU0WB1J-JhEJB_XUY42nJCA1vN,"recfpomcxSZTz09JL, reccUiaKA2XzbNAeV","recjd7xoHQS1IlzLq, reckHEWe2M7zrclln",33670,Fri 01/30 05:00pm,recSxnlUdLCRgMPF2,recFqOvMP2cuSIpxU,https://v5.airtableusercontent.com/v3/u/57/57/1790683200000/goVcMWfDy4xSuouUCW1t6w/lxZiGywcCTmueS207adM70yajxuIa9R1mfCyRUYfgNal9-bWmatjvAfu8vUFhagEtxyk64P__fcwgnak7uSdM1iNbwLH2bEl36IOFtCHDwq-FsSUoYtVSVGs33pqmxBF_sXhhg_G36qJBrUdVrC8kwNiKGKRxyv6RbcvcgX56A4/zTO82oU0BlxhScvhGNVzVRpd8KEJmA7TobwvUWKUxKo,ABKAA (Flycast),05:00pm,3,Winner must keep character. Loser may switch.,True,"rec2XqKr9VMyZYZ1b, recE0y4mYTZlFeWaZ, recMHFoWqvvkzYRPv",0,0,4,3,02:00pm,Sat 1/31,Flycast,Confirmed,True,64,recoqQNwa1k9jJyDq,Akatsuki,recJiqsk1UknhuVbe,Mibeador,3 Hours,4 Hours,3 PM,"recvs9QxkcstAlXlk, recMHFoWqvvkzYRPv",https://matcherino.com/tournaments/158904,2026-02-10T18:44:31.000Z,reca5R6jcnOHP5KAC,recOb7GyibAHr3KdG,recLTvAn1P3hEJqMW,"rec4Ri2iRXEDAdDhJ, recyl39FNPPApfM0v, recolARRTnq8vCiW0, recu0BV4vVZktY7wz, recRy64QPUXGcCAS4, recSy4MMqdqP5QNvI, recTwIo9DndmffCOn, recCklJGxLymbHPsd",Collected,https://v5.airtableusercontent.com/v3/u/57/57/1790683200000/6SOUSWjyI-IKDd_jS6WArQ/si5GxuVTV5j7s_qfRNRHAOtgWjLlzmjMPVT0qR5GGOxAz2RFULZfJdArsrtTGnKlcVFsAj4F3jdT22mXL_3Pfm7n_ZyANXObHGtEiaBGdBiEL1JwQy0Llyeo2HWMhKGczUCYKkTLtEWQOWIrBo8Pa5m9_7WH8JT3UK67Wfww4IS-X1BHLzSU-iHx_Rv8yZSz/A9KDdoIVrQHRMnGq7Loxe10kCzVo_yAq_nH4R0c8WyU,Akatsuki,recVxvEZbXd62y97i,https://matcherino.com/tournaments/158904/admin/general,1,Double Elimination,https://twitch.tv/ugsgaming,,Fri 5pm,0,https://www.start.gg/tournament/vortex-gallery-at-frosty-faustings-xviii-2026/event/akatsuki-blitzkampf-ausf-achse,27.5,recs3KbtNDJPLp50f,8e78eae6,https://matcherino.com/tournaments/158904,5,Fri 01/30 02:00pm,recY6dO3a7EO47Yle,ABKAA%20%28Flycast%29,1402958,1st Lineup,recjd7xoHQS1IlzLq,"None, UGS",True,"3/5 Games for Losers Finals, 3/5 Games for Grand Finals, 3/5 Games for Winners Finals","Hagure,Mibeador,Stew","recwSarOpP5xB5RZO, reclac9DidNZheYvF",2/3,"@Hagure, @Mibeador, Ssbstew.bsky.social",8e78eae6,ABK,ABKAA,"https://www.start.gg/admin/tournament/vortex-gallery-at-frosty-faustings-xviii-2026/attendees?page=1&filter=%7B""eventIds""%3A%5B1402958%5D%7D",50/30/20,175,1,Fri 1/30,"lateenx,Stew","1769803200, 1769814000",,,,,,,,,,,,,,,,,,,
1,https://twitch.tv/matchstickmelee,Crimefighter,Sun 11am,True,Crimefighter,True,"recU5kR9FCKMWNP3r, receuBYCFDoK066Wk",https://www.start.gg/admin/tournament/vortex-gallery-at-frosty-faustings-xviii-2026/brackets/1402982,"recFuoVBaCki90dmL, recKZS8kCFGNvObhc, recBe6b7Hdcz6HoiO",Aquapazza (PS3),https://twitch.tv/matchstickmelee,26,https://twitch.tv/matchstickmelee,https://topinfinity.org/?game=9522&event=1402982&theme=vgffxviii&teams=0,Sun,1,@crimefighter.bsky.social,Aquapazza,True,True,,140,Sun,2025-09-20T05:40:08.000Z,https://vortexgallery.moe/info#AP,,Aquapazza,26 / 32,"Wishy (he/him), HakethKOTB (he/him), Risky Sweep (he/him)",4,rec1k29PIODFrgUjb,Crimefighter#489199,1,"recyxfhpDpiNVoXV0, recGNPQ9qnmVb2mUG","recxMC4P6LO0TmJ5y, recxMC4P6LO0TmJ5y",10,True,81%,2/3,https://v5.airtableusercontent.com/v3/u/57/57/1790683200000/2F995ILtPatCCNe7yBUr6A/r2m11xY_GyO_H3ZgzcQ3vrrdms0Dwh2034R-FS9zrDScz6RUFkpoqj3yU-4QMfSPHfdevH6j5ZJv6JkD9sRGXPLorxuvl6O1I0JNGdXWrwKwtmdS_Iljvm9_lj-2jHrA9y1SMg9PS7XBalNbl4AFLA/WBmu2U9qsRX3L0siD_A-1TMqj63rgwi2CaXEBgkHqaM,True,https://www.start.gg/tournament/vortex-gallery-at-frosty-faustings-xviii-2026/event/aquapazza-aquaplus-dream-match,3,4,01:00pm,,None,https://drive.google.com/uc?id=13r0YYz07CqZl5nIc6btZx1FP7J-X2N7b,"reclHtPDmOjCKFV5l, recooPJKwwnKq1RUz","recSixc9m8Sc33QkY, recN5BK8b6imtghzA",9522,Sun 02/01 01:00pm,rec5YlrmFakyaByti,recA1d7QIZ5iizh13,https://v5.airtableusercontent.com/v3/u/57/57/1790683200000/ecZlDPwALDiG9XT9giOCDQ/OT9meGuQaFfc8ILAU7pKJKyjkgcoXE3ox_xla4je0B_TLJyAlZVKhjkqjvEfhYU_RtDcni_C1E6x4Yw6CeGZjojjrv9yTyohDumM7jnGBK2ukrN2Txkj9REoY9Uuj-e_D-JmCykLmc52N0c0rU6224aqnyGNhYt0V5GS-j1OKbs/Vdqcue1eHugFWEhWqL2rXfp_1XXy_mdT6TJArycBV2s,AP (PS3),01:00pm,3,Winner must keep character. Loser may switch.,True,"recPqaSJR7PiIN3Gv, recSxhiHCT7rsdz6M, recVnw6jTnvZeq5lZ",0,1,3,3,11:00am,"Sat 1/31, Fri 1/30",PS3,Confirmed,True,32,recHL5DyrRMFxH6pN,Aquapazza,reckEdLewH8IjZWsC,Crimefighter,3 Hours,3 Hours,12 PM,reckMlVP2DrY8hIGA,https://matcherino.com/tournaments/158906,2026-02-11T00:32:07.000Z,recxMC4P6LO0TmJ5y,rec8BRwWFhVFalvA9,,"recsWa7lklpPjUHFa, rectJeVsoZN0NtCLF, recrEtwA4rHthszP7, recPXCMQOSAQIaGuw, recsyMrnk13NPrJQA, recMNSVOYo1RKnedb, recmwi86q4piSvZ4U, recymv9rHHrN5yAsb",Collected,https://v5.airtableusercontent.com/v3/u/57/57/1790683200000/TN8IPAaFu1yF01jQtQgcHw/vLpJLjNMQjOz9MuhXlwspCDeCdMIRIIehWIXzWnyFuxy9Yc6frE-jSmO7QTo54rJvddHMuPqHG8Xq1HD_GVmRV1APFpSnYn0KSoNOmVSh48Zm-_xLSjNGyek0zrRJHEL1vLnty_KYR_lo0V2hHuHxyE8Sdp1vEedIs5KmDZFR6iJveUnxXxiJmGVjP9Ptl2G/2fcOsV4gJI0n3_JWc3DYCWshnbjCpLtEwYZViGA1jFc,Aquapazza,recinc6b9NNMARnpU,https://matcherino.com/tournaments/158906/admin/general,1,Double Elimination,https://twitch.tv/matchstickmelee,MM,Sun 1pm,,https://www.start.gg/tournament/vortex-gallery-at-frosty-faustings-xviii-2026/event/aquapazza-aquaplus-dream-match,52.75,,dc289a78,https://matcherino.com/tournaments/158906,5,Sun 02/01 11:00am,recy3BBa2MBcjT0vC,AP%20%28PS3%29,1402982,1st Lineup,recSixc9m8Sc33QkY,MM,True,"3/5 Games for Losers Finals, 3/5 Games for Winners Finals, 3/5 Games for Grand Finals","Wishy,HakethKOTB,Risky Sweep",,2/3,"@crqwish.illinoisfgc.com, @hakethkotb.bsky.social, @johannhat.bsky.social",dc289a78,AP,AP,"https://www.start.gg/admin/tournament/vortex-gallery-at-frosty-faustings-xviii-2026/attendees?page=1&filter=%7B""eventIds""%3A%5B1402982%5D%7D",50/30/20,130,1,Sun 2/1,BunniesFromHell,"1769965200, 1769972400",✓ Crimefighter is donating 50,50,"omega_black,Ember,Shiburizu,Crimefighter","recsnmM0N6emZ97dR, recQjEmyHOmcucaZu, recGZ2HnwzN8OemMO, rec1k29PIODFrgUjb",,,,,,,,,,,,,,,
1,,Chrono Sanaki,Sat 6pm,True,chronosanaki,True,recKkCK1dBxv462tH,https://www.start.gg/admin/tournament/vortex-gallery-at-frosty-faustings-xviii-2026/brackets/1465719,"recnyaXWWJB0NCe8Y, recPN279yo0o3GMYt, recz6iZoNgNzsKNBD",Arcana Heart 3 LOVEMAX SIXSTARS!!!!!! XTEND (Steam),https://twitch.tv/ugsgaming,28,,https://topinfinity.org/?game=47488&event=1465719&theme=vgffxviii&teams=0,Sat,1,@ChronoSanaki,,True,True,,145,Sat,2025-09-20T05:30:53.000Z,https://vortexgallery.moe/info#AH3X,,Arcana Heart 3 LOVEMAX SIXSTARS!!!!!! XTEND,28 / 64,"Sayaduck (he/him), Mythril Onion (he/him)",5,recpdBbNorVCeDlKg,Chrono_Sanaki#1028004,1,"recuN4u56rPah7YZ4, reckVGNCLTKe4LXJD",reca5R6jcnOHP5KAC,5,True,44%,2/3,https://v5.airtableusercontent.com/v3/u/57/57/1790683200000/Gxyr5637zcCo-TS4-wjXTw/YhWlbdTPfXJnToFDMsSxviB6FlOKwbwKW6mLLyLEu5fQTTXgQU0y-vaiEI9eOp1bqh_72W40H4VUPG3kCIecOE95GlRzssSEcobnmasACeFPg8H36LhpPxnWAhVUFbEJj4oNJyxYN_jXecjyNTP8PwcoL46BDjBvYw9wuhDCyjU/WqYuXJfeNIS1GFNIFH0ewk7jT-IslIHM5uilpWYQ0lY,True,https://www.start.gg/tournament/vortex-gallery-at-frosty-faustings-xviii-2026/event/arcana-heart-3-lovemax-sixstars-xtend,3,5,08:00pm,,None,https://drive.google.com/uc?id=1Qum7Mbe5i-U3m2kevtB9-2STZFmpZ6a1,"recwZiCjGhVNqsvRz, recw8siTX2n0wtaFH","recT7QRaETyOBMLN6, recoUWEa4IBTFWVkN",47488,Sat 01/31 09:00pm,recGJ5kYOY5gCCGjX,recM4Cv4VmWVMuePY,https://v5.airtableusercontent.com/v3/u/57/57/1790683200000/FnDBcSZTxZY6IWc3I5uYCQ/NdXjTg5AaEeROCNO3Qjlh_Ob-9-bTYIWY5gWJdFtZmLNYSJtMyQNLzlzCYdyWl3HZ35mIMRhM9YAAKiKaWte7-7SYn1hR3K63zISSgt2-vDCVS9lw_qzB1-8iQQtsp6DEAZYxGSYuIxQ7Zyfzt-AgDfs0VsZPjFdNN5GNwzrb1k/9CqZTjwUoaapN8FzGDPtIcV1pbLiGny1SjCBHakQwl8,AH3X (Steam),09:00pm,2,Winner must keep character. Loser may switch.,True,"rectMuDnPhQExPPbp, recVq70hZJZsq3uVk",0,1,3,3,06:00pm,Fri 1/30,Steam,Confirmed,True,64,recPkjeM9Hyj5hRGn,Arcana Heart 3,recfyAg5ovnjNXPdH,Chrono Sanaki,4 Hours,3 Hours,8 PM,"recpdBbNorVCeDlKg, recdXMvjXubl5xLYk",https://matcherino.com/tournaments/158905,2026-02-10T18:54:37.000Z,reca5R6jcnOHP5KAC,recC1AhizIVFvwFuw,,"recV4xCnUwBlcF9j9, rec3yYsdJSpdk35hb, reczG3RwqOrSA7DLi, recqmwFLxX21QhCAg, recZW4cYEnwWPAw2N, recDy9FL61h5MwCSI, recvecbvPqTlzfW2k, recfBeYVazstJq2rY",Collected,https://v5.airtableusercontent.com/v3/u/57/57/1790683200000/gIcdCrkt8Z6ts9CgSiBtPg/VvM12tcnISzlTnRdbGhowAM15ffYWI4Rb1df0XTaNpxwEtFBcsOdXGyh6RjQ68MgBlEro9SuRf2IVet3DxfQJtjkvs8fqCES4OLRKyGFyZbIa5NJ3IwmwJTWTVZeb51THm5dvLqfd5lvOqH227Whj3IzAUWkPjkzJpnPLJbXY0gREcNzjgMX8OQdZ_jyF9h-/Y96cxp8Fw2uOAjXfxGCTDHfjEQWWwSSQ2OBEGlJlu9A,Arcana Heart 3,recWhY5XqcZagROcT,https://matcherino.com/tournaments/158905/admin/general,1,Double Elimination,https://twitch.tv/ugsgaming,,Sat 9pm,,https://www.start.gg/tournament/vortex-gallery-at-frosty-faustings-xviii-2026/event/arcana-heart-3-lovemax-sixstars-xtend,2.75,,f5477784,https://matcherino.com/tournaments/158905,5,Sat 01/31 06:00pm,recaRwp7cclbH1NnQ,AH3X%20%28Steam%29,1465719,1st Lineup,recT7QRaETyOBMLN6,"None, UGS",True,"3/5 Games for Losers Finals, 3/5 Games for Winners Finals, 3/5 Games for Grand Finals","Sayaduck,Mythril Onion",,2/3,"@sayaduck, @MythrilOnion",f5477784,Arcana Heart 3 LMSSX,AH3X,"https://www.start.gg/admin/tournament/vortex-gallery-at-frosty-faustings-xviii-2026/attendees?page=1&filter=%7B""eventIds""%3A%5B1465719%5D%7D",70/20/10,140,1,Sat 1/31,"Chrono Sanaki,Akuadynasty","1769904000, 1769914800",,,"LegendaryBlueShirt,Mythril Onion","recQi3lqpOtT1klOi, recVq70hZJZsq3uVk","Timer set to 60
","If a laptop setup or PC setup is provided, please ensure that the game's frame rate has been locked to 60FPS via NVIDIA Control Panel (or another specific application)",1st place winner wins a free copy of the Arcana Heart 2 drama CD as provided by the TO,,,,,,,,,,,,
1,,Narr,Sun 12pm,True,trainerhilda,True,,https://www.start.gg/admin/tournament/vortex-gallery-at-frosty-faustings-xviii-2026/brackets/1402959,"recah40r90nYjDWnX, recdBv4kBzn1Y5yCX, recm8EZxMbmJCyiTX, rec1gWajtrZo0ycPL",Asuka 120% LimitOver Burning Fest. (MiSTer),https://twitch.tv/vampirearcadia,30,,https://topinfinity.org/?game=39241&event=1402959&theme=vgffxviii&teams=0,Sun,1,@burntsienna.butchsky.social,Asuka 120%,True,True,,150,Sun,2025-09-20T05:30:39.000Z,https://vortexgallery.moe/info#ASUKA,,Asuka 120% LimitOver Burning Fest.,30 / 32,"TacoWaffle (he/him), OmniRabbit (he/him, any), Wishy (he/him)",4,recASUByC2x7zWlbl,Narr#916597,1,"recdHGX7wA3aHNyJX, rec2aEIM9dzXCdcWC",recgF4EUwg1yzChkK,0,True,94%,2/3,https://v5.airtableusercontent.com/v3/u/57/57/1790683200000/6qtcyR6Ul0VHYIzAxkM4eg/5x6laGC14r5yjY4UdZ2QxvgVAB-JXy_7QUjtmnJ3_fxP2YR0HEYieDEzdtRhHS9_lMFF0YivldGEzWRLTYHbFd2cLLSFlCMeX7TPwlPAuJNL0rKy0tlptxVjbYeyOVkxHXbUnZAR4OaQrtHLS39KpzxcwgBxGHaQl4r-1ZyCYTg/ceSjOeRfN0_FPBvOcQKI1uu8ntxwjqs_zJDkLag5rPg,True,https://www.start.gg/tournament/vortex-gallery-at-frosty-faustings-xviii-2026/event/asuka-120-limitover-burning-fest,4,4,02:00pm,,None,https://drive.google.com/uc?id=1_z5CaLFt308gk4vceWsr34srFXXBnCvs,"rec9SmY4XPDUZY7YL, recae94CvxzeSXAIi","recqOUcoTp8XvsDIf, rect7lY3viX8oV6k3",39241,Sun 02/01 02:00pm,recMjclR3tCkoip5M,rec5kbVKQvJL8Tw6P,https://v5.airtableusercontent.com/v3/u/57/57/1790683200000/-y9Dw0E3CRCPN8plDnrtyg/YwkgM7gZUFw1BUmOZQwYjIE-W7hHTvrj4XYASEbnMA5Je1lr89CBjVT7JuyXTAwB6QtRTARxpUGa1BtOrB5P78_wDWEW_O9Zyw4SMWPM2shmP7eARzMmFKpgG0oy_J03MyWG29v3DzrWr-aNOIYaeaOuvYdn4YW-aDfH2GjrTaU/6y88WZT_OA-Q237u9bhRTnmnq1Y1KFWc1gJFqMsYamY,ASUKA (MiSTer),02:00pm,3,Winner must keep character. Loser may switch.,True,"rec8bNUmYfLb5hLUl, recSCaKCJRhBNgEvq, recPqaSJR7PiIN3Gv",0,0,3,3,12:00pm,"Fri 1/30, Sat 1/31",MiSTer,Confirmed,True,32,recgQGPoCQ9F5qCLA,Asuka 120,recvZAlWTIeRqmKVz,Narr,3 Hours,3 Hours,12 PM,"rec84evYJFMyISq4f, recm49P2WzKUcUrLH",https://matcherino.com/tournaments/158908,2026-02-06T03:26:32.000Z,recgF4EUwg1yzChkK,recG1HIoiOgzAJVPq,,"recVDLPnuGlCEiy7C, recA3Oupe1BTASOF7, recTCQfFXZ8pORx1K, rec3OMEIXkA5lJo4l, recB6WiPqZmRka3ao, recslFMLdcqftVEja, rec4FP0ETs4barBSg, recoor2vuK3UiEVs0",Collected,https://v5.airtableusercontent.com/v3/u/57/57/1790683200000/9AUyYpaEE6-6sGKjE1-K1A/Gm3lXhBo2Q3mEMeE1MP1ieB7NuDiqU-U6yocohp2Y4GaQB6AX-PaL1dcVajN7UlXxZrVac2atGnKjTElG6S3EsCDy3L3o8wjxAbRRpGiTdlcZs7bkRyLrSNQAgXEcBqCWAUBhO6hm86WfpFo50iWvqsXySbVKgvYX2u-yzuPfpk/y8ggmNcsHiUHdLPjnM_pfqWZm308tYZAQaFr_rELgUg,Asuka 120,recsjzSn9OyxGku3g,https://matcherino.com/tournaments/158908/admin/general,1,Double Elimination,https://twitch.tv/vampirearcadia,,Sun 2pm,,https://www.start.gg/tournament/vortex-gallery-at-frosty-faustings-xviii-2026/event/asuka-120-limitover-burning-fest,126.5,,14ede121,https://matcherino.com/tournaments/158908,5,Sun 02/01 12:00pm,recz8GiliqRT5qe8K,ASUKA%20%28MiSTer%29,1402959,1st Lineup,recqOUcoTp8XvsDIf,"None, VMP",True,"3/5 Games for Winners Finals, 3/5 Games for Losers Finals, 3/5 Games for Grand Finals","TacoWaffle,OmniRabbit,Wishy",,2/3,"@tacowaffle.bsky.social, @omnirabbit.bsky.social, @crqwish.illinoisfgc.com",14ede121,Asuka 120,ASUKA,"https://www.start.gg/admin/tournament/vortex-gallery-at-frosty-faustings-xviii-2026/attendees?page=1&filter=%7B""eventIds""%3A%5B1402959%5D%7D",50/30/20,150,1,Sun 2/1,"PolarBair,Skytanks","1769968800, 1769976000",,,"waddledee_legends,deapest","recLTUvl3JQH9WSq9, rec8w58D6P8Ut8sbi",Torami is played at Handicap/Handy 4.,,,"If Kumi's 214C handcuff glitch occurs, the Kumi player must immediately neutral jump j.C to end the glitch. Continue the match as normal. Using any other moves or attempting to timer scam will result in a game loss.",Players are heavily encouraged to hit the reset button in front of the setup after they play their set.,,,,,,,,,,
1,,OmniRabbit,Fri 8pm,True,omnirarab,True,,https://www.start.gg/admin/tournament/vortex-gallery-at-frosty-faustings-xviii-2026/brackets/1477613,"recKuhLEpcxcC7vw3, recHnZziUVSoMeOjJ, recQ9rIObpu9xGukJ, rec8MaKo23AlxL3sN",Bishoujo Senshi Sailor Moon S: Juugai Rantou!? Shuyaku Soudatsusen (MiSTer),https://twitch.tv/matchstickmelee,48,,https://topinfinity.org/?game=16904&event=1477613&theme=vgffxviii&teams=0,Fri,1,@omnirabbit.bsky.social,Sailor Moon,True,True,,48,Fri,2025-10-08T00:11:12.000Z,https://vortexgallery.moe/info#SMS,,Bishoujo Senshi Sailor Moon S: Juugai Rantou!? Shuyaku Soudatsusen,48 / 48,"OmniRabbit (he/him, any), Mixer (he/him)",8,recSCaKCJRhBNgEvq,Vinushika#464104,1,"recSnWro2KdoLMsrb, rec6heO6mvR0evvSO",recxMC4P6LO0TmJ5y,0,True,100%,2/3,https://v5.airtableusercontent.com/v3/u/57/57/1790683200000/mcXQALyxJDZZ51tGV4AE4w/6Ugt1nmnh6cSidUbtojHcQ6gSwEpLnb3ZrpXd42tw70r7OWSAifKjN_3pb_720BHRVObb-fNkyiXRgGBs0Z3IbgZwu8Em8ckQrJ00_PSGapGF17whVXcHQj848VSW5ylfM82oK3xbYIIvqSzeTwqaw/AF3fad9E9s247NT41_YQnJkKTwz1hHieIyEMCRAawjc,True,https://www.start.gg/tournament/vortex-gallery-at-frosty-faustings-xviii-2026/event/bishoujo-senshi-sailor-moon-s-juugai-rantou-shuyaku-soudatsusen,4,8,10:00pm,,None,https://drive.google.com/uc?id=1cOhRbWfE-jkZBsXynd6asSOmPNVyUR6a,"reciY1B1ZkZX1XQyl, rec9Pzp0P6xfhGmIS","recOE8WzmO0aKbIir, rec4lhm5Jla9zjFV8",16904,Fri 01/30 10:00pm,,recFzZoiwwJ66Du8q,https://v5.airtableusercontent.com/v3/u/57/57/1790683200000/_OwN3a1wm2fu_bgpDcZvvw/74PSlI3Q-_PEQidVR1OI0kFcC6cIYypavDPalteo2SVxG6Ml9ZvZmaI59CXqmSp1jl8pWkpje0vlAfyUGhgNmRfyvyqT-87iNJqtzWG3z4ShpMYYZt3wqehB7axmt03clu50pfhS7aUJwsj-YDpJBZiLmVS9URf6L0wUpcS4bEI/7XQ_ZjxvKxqTpuxJ3N_Lm3LbuAp4lw4yPyA0sJAogL0,SMS (MiSTer),10:00pm,2,Winner must keep character. Loser may switch.,True,"recSCaKCJRhBNgEvq, recC83rgF8VAwv51Z",0,0,3,3,08:00pm,Sat 1/31,MiSTer,Confirmed,True,48,rectJIUXOYjfmkRPy,Sailor Moon,recEN3m9yhycEv5Ot,OmniRabbit,4 Hours,3 Hours,8 PM,"recASUByC2x7zWlbl, rec84evYJFMyISq4f, recI7UMKEqbJ80ENL, recQJNwBYAioMyGwa, recC83rgF8VAwv51Z",https://matcherino.com/tournaments/158950,2026-02-06T07:07:13.000Z,recxMC4P6LO0TmJ5y,rechuMx8SIbGuhnpl,,"recByMEmyWDvTtABZ, reccrfesL9b0vnkP2, recptB8gzi59OGLiD, recUTOgpr1xzQ2OaD, recuzANBnrGWf9Bqm, recp6VAhOgqZltQPf, recLeacWrEs0o1X3m, rec0qIy8kG4yzcOkl",Collected,https://v5.airtableusercontent.com/v3/u/57/57/1790683200000/VB3bAmG4e9Wq11a1uz6mxw/CEo-lltS_M_xv88PfEW_EAxfyMj2kqHnFv85te8Zl8vUU-I6u707inAYnBwicEtDm680THplHGELGNRma8505znkYpxwbJphHJsmX6h8mW3LniPRudgoHqa-yRDmxpPfGJM1o1tmDH-iabpa6xY2bEU_5pL6_SFPFfU5nZlPzHU/mKqcuYMvqXvmHJMz4_qlc3n30521S9TEnJ9OWqOd1Rs,Sailor Moon,recsjzSn9OyxGku3g,https://matcherino.com/tournaments/158950/admin/general,1,Double Elimination,https://twitch.tv/matchstickmelee,,Fri 10pm,0,https://www.start.gg/tournament/vortex-gallery-at-frosty-faustings-xviii-2026/event/bishoujo-senshi-sailor-moon-s-juugai-rantou-shuyaku-soudatsusen,577.25,,b0a3efad,https://matcherino.com/tournaments/158950,1,Fri 01/30 08:00pm,recr36xSBOwVWubRi,SMS%20%28MiSTer%29,1477613,2nd Lineup,recOE8WzmO0aKbIir,"None, MM",True,"3/5 Games for Winners Finals, 3/5 Games for Grand Finals, 3/5 Games for Losers Finals","OmniRabbit,Mixer",,2/3,"@omnirabbit.bsky.social, @MixerX1",b0a3efad,Sailor Moon S,SMS,"https://www.start.gg/admin/tournament/vortex-gallery-at-frosty-faustings-xviii-2026/attendees?page=1&filter=%7B""eventIds""%3A%5B1477613%5D%7D",60/30/10,48,1,Fri 1/30,"Narr,PolarBair,SNESJW,kan kan mikan,Mixer","1769824800, 1769832000",✓ $200,200,"Narr,OmniRabbit,P.Skelly,PolarBair","recASUByC2x7zWlbl, recSCaKCJRhBNgEvq, recDMtSyDOzEsspF6, rec84evYJFMyISq4f","- Uranus is banned
- Pre-round charging glitch is legal within a set, but cannot be done in the first round of the first game the set
- Pluto infinite and Chibi infinite backdash are legal
- Space Time Door is legal if both players agree to it
- Developer Office stage is legal if both players agree to it
- If you double KO 3 times in a row and get booted back to the character select screen, redo another round with the same stage","Not completely needed, but we typically run a romhack that adds a basic English translation for the menus, does random stage select, adds more character colors, and removes Uranus from character select. Not necessary for playing the game though.","Various mystery prizes to be allotted at a further date (mostly CDs, maybe a vinyl) ","- Pre-round charging glitch is legal within a set, but cannot be done in the first round of the first game the set",,,,,,,,,,,
1,"https://twitch.tv/matchstickmelee, None",GTek,Fri 10am,True,gtekfgc,True,"recodN2k4fMGgqiP4, recze0t9tah4EBCAY, recLLMWVLxVXTzNop",https://www.start.gg/admin/tournament/vortex-gallery-at-frosty-faustings-xviii-2026/brackets/1402953,"recaAK82qS3JskJVM, rec7ctumeMImmikDv, recqq6G1UkKMgs9Zr, recALpOUkD3rC6xCZ",Blazblue Cross Tag Battle (PS4),https://twitch.tv/matchstickmelee,58,None,https://topinfinity.org/?game=1144&event=1402953&theme=vgffxviii&teams=0,Fri,1,@gtekfgc,BBTAG,True,True,"@matchstickmelee, @StoveFGC",590,Fri,2025-09-20T05:30:33.000Z,https://vortexgallery.moe/info#BBTAG,,Blazblue Cross Tag Battle,58 / 64,"Crackin Atkins (he/him), NuclearTaco (he/him), dave (he/him)",4,recD7i2NAVdmyKIDT,,1,"recuPLnImHkO3iQsR, rectIPavRUKqXDLjB, recxlq9d7hS8YlpBz","recxMC4P6LO0TmJ5y, recxMC4P6LO0TmJ5y",10,True,91%,N/A,https://v5.airtableusercontent.com/v3/u/57/57/1790683200000/OVpS19l0HDvd9j0sjCa7RA/I3V9kxqCmQMdrk-l1Fi7x-ywfqzpW4sddnEEIIFKx2nlQ40Ue7K-La-LfTRop4iRe3fu8lIW3dy0vPlrmffDuX0vzxZzL02vAkUPXc-Ei4F2vW6XwTZMwR5tbrguk6XEcsK9EurkIcAzzDeq2_bXJsDhiMxiCp707JinYiUJuDQ/SoSh6aumIgnRqHoiaW25JrQtIMHMOHTNVqol82ZbPLw,True,https://www.start.gg/tournament/vortex-gallery-at-frosty-faustings-xviii-2026/event/blazblue-cross-tag-battle,4,4,12:00pm,,None,https://drive.google.com/uc?id=1jwyl1tmiRjnyOCp8kNSXnVQGSYMnx7-2,"recOm5WZfav45EFbo, recoGhNcxvFXtsKHs","recAkIYac9wvjagrM, reckHEWe2M7zrclln, recmiapI7rg3n0bge",1144,Fri 01/30 05:00pm,,recD6VgyooeWVVNbV,https://v5.airtableusercontent.com/v3/u/57/57/1790683200000/8NKixsXlCn-FQGRQvta6Lw/B9x29fMxKTN4qC5o_VcuOWoyurmc_IPRSOQsVZyOEShXeSd5PABAYdQWnv-Ia-z6W2KQzDWQE2mqIzN3AlpI72e0sV6kQsWtDDgeqY2bHDrqhV88B3Dq1npk5oIFWBEES5zX-fz4lRQKtjFwTANCyTa2L3cmH98VEP50hmvwu1k/kfgDEaJYjItqX4MtTLageawqCMcCk1KbVYcEjDGkbGM,BBTAG (PS4),05:00pm,3,Winner must keep character. Loser may switch.,True,"rec2OiHu4MQoX7gUP, recL5jVhMqHC5kl4L, reckrqLsxq5NHOwIP",0,1,5,4,10:00am,Sat 1/31,PS4,Confirmed,True,64,recYdbHI325YI2pVO,BBTAG,recR2YE3Oc1yTh3jJ,GTek,6 Hours,5 Hours,12 PM,recnzNAWLSpaJmulW,https://matcherino.com/tournaments/158909,2026-02-06T07:07:13.000Z,recxMC4P6LO0TmJ5y,"recZTiUBXm5IerQYg, recfqYX4bwtanq0mE",,"recDojtKCactcKKBC, recZLAkRi220uAXTN, reclfLNHXirSzkLcE, recRMN8DaxMKBzqdJ, recVKz5cccSCDhbPi, recyTqMMFtaJxIAbX, recbGNumurPcmWEb0, recsOZ46cWDlvd3OK",Collected,https://v5.airtableusercontent.com/v3/u/57/57/1790683200000/5g2Nhd0R6ahfeBtTahfEaw/bd4G-1uCMgoSgP_EFxilrJXJbvCsaz-lqEfgjBqP0fImwJBDH2MxHHxL5BS3KNQ-htZvFUhw13rgO2YV5hqHcrM6lMNcUEsLQpA_H3moifNxz6aJJPva7qmNquJ5Ef6vVJkvABwyd73W_zwE0ldhW_9GwbLCfeXN1XRh6GhCJTP1HuEkhqpaw_t6R5kRr53G/YDCyL8S19kOrYKru2I3AIFcP3StbKwNkPjBTrACtTu8,BBTAG,recV6irNLkHsWnj0B,https://matcherino.com/tournaments/158909/admin/general,2,Double Elimination,https://twitch.tv/matchstickmelee,"MM, None",Fri 5pm,0,https://www.start.gg/tournament/vortex-gallery-at-frosty-faustings-xviii-2026/event/blazblue-cross-tag-battle,122.5,,40120ab9,https://matcherino.com/tournaments/158909,10,Fri 01/30 10:00am,recowBBNjOgoTOahs,BBTAG%20%28PS4%29,1402953,1st Lineup,"recAkIYac9wvjagrM, recmiapI7rg3n0bge","MM, None",True,3/5 Games for Top 8,"Crackin Atkins,NuclearTaco,dave","recArWegKoDSPuCZE, recot9Z3qqXGv5m5o",3/5,"@CrackinAtkins | ‪@crackinatkins.plusframes.gg‬, @NuclearTaco2042, davegaming_",40120ab9,BBTAG,BBTAG,"https://www.start.gg/admin/tournament/vortex-gallery-at-frosty-faustings-xviii-2026/attendees?page=1&filter=%7B""eventIds""%3A%5B1402953%5D%7D",50/25/15/10,580,1,Fri 1/30,Aaron Curry,"1769788800, 1769814000, 1769803200",,,,,,,Possible Trophy,,,recdevV8D7r87T2zD,"Thu 1/29, Sun 2/1",If it hits cap then it will be 50/25/15/10,,,,,,,
1,,Crimefighter,Sat 12pm,True,Crimefighter,True,,https://www.start.gg/admin/tournament/vortex-gallery-at-frosty-faustings-xviii-2026/brackets/1402938,"rec7KiRiWncYcCSDg, recO9ae2rF5JANWOc, receYnA1ZmF8wyu2B",Chaos Code: New Sign of Catastrophe (PS4),https://twitch.tv/matchstickmelee,25,,https://topinfinity.org/?game=14873&event=1402938&theme=vgffxviii&teams=0,Sat,1,@crimefighter.bsky.social,Chaos Code,True,True,"@matchstickmelee, @StoveFGC",125,Sat,2025-09-20T05:30:55.000Z,https://vortexgallery.moe/info#CCNSOC,,Chaos Code: New Sign of Catastrophe,25 / 32,"Crimefighter (any), BunniesFromHell (she/her, it/its), poco (they/them)",3,rec1k29PIODFrgUjb,Crimefighter#489199,1,"recFYrimIm5yRcIT4, recYSbuY91zJ0r3FZ",recxMC4P6LO0TmJ5y,0,True,78%,2/3,https://v5.airtableusercontent.com/v3/u/57/57/1790683200000/r_3DuYCOk6wiKfVdP7qqTA/HMIfZLshIjIyy-j05t-4BFoV0IwKRgeIhme4KmmPvtl0FjicEQZde9m-cFTX8x7dFEY0XZt8VsfW-KeUAgsuv8EyYBYYF2zk6eV8MMt5igeHAuo55MBb5LO9Tmk0n4gkvEXCwy4T1gQyPCEu4hMXMw/rRjpCKLMtE2x6wV3eGFSidlWeoLOfc01ObWS1ABzVgs,True,https://www.start.gg/tournament/vortex-gallery-at-frosty-faustings-xviii-2026/event/chaos-code-new-sign-of-catastrophe,3,3,02:00pm,,None,https://drive.google.com/uc?id=1vLQqyfgaS6haws59zhOFKiU8VMukaM-U,"rec7iO2t0KW4nUQLV, rec1xEQeRxlZzlTtb","rec0iHrtFEIKT3YED, rec57sPSAPqWYQKdH",14873,Sat 01/31 07:00pm,,recdDF9WHTt8d2wle,https://v5.airtableusercontent.com/v3/u/57/57/1790683200000/aQEZ1w6l_cOyldCeZBBCSQ/wW4ITGH7gGqbDINsPHgfBEf70HGgnj8QVIXb_etp9SNWeeHq2zvocQ_-FmRX8FnG0oQt7vhrwkYceSpXEa2-IJ5xJXO35cJAdWQc94qopMBrVJDzGrEQ0c0S1x9jN3ZFaFxT6mYWjBwiffEqheQUikvyMcpSP7n3yD7JP_nT4Yc/aljiKnoUg3jcvZZ1YCgiBs3L7q9xZgSPCEoyWNhNJT0,CCNSOC (PS4),07:00pm,3,Winner must keep character. Loser may switch.,True,"rec1k29PIODFrgUjb, reckMlVP2DrY8hIGA, recufe9veEPFyif7n",0,0,3,3,12:00pm,"Sun 2/1, Fri 1/30",PS4,Confirmed,True,32,recJPtNMrXgQ78wm9,Chaos Code,recwOKTc5XXbn2FxN,Crimefighter,3 Hours,3 Hours,12 PM,reckMlVP2DrY8hIGA,https://matcherino.com/tournaments/158911,2026-02-06T07:07:15.000Z,recxMC4P6LO0TmJ5y,recl9g4wHRg4W1z1Q,,"reccrQJ0HkTYfCWS0, recoP6vUwly2mTP8l, recFdkYLpeyiiH65h, recooQJtLkkhZLzaj, recC3y5HdlXNlU0CW, recFp3tl2nEgPzr9s, reci9Ohnlni9g78Nt, recFhcUXdW433BJqI",Collected,https://v5.airtableusercontent.com/v3/u/57/57/1790683200000/fp4-kgOD7VZNIhVpO7gS8g/VPyuHuMccO5sEBxxIez3ScMp7vtYp0ew_g8s2BlFa5FvXOypUhCe_ChW2yVzrYgbNwGRxe9HW_89orO25gM8TrBbm5wEg9-1NWWGjZNMlzDaUZsq0QqB8ETSvGlUP-RTpOIARK9gaRF5AZPPr-EQo3IyIcwFW6yEfu_SGEWdITRJjTCccD6Dvu7BgcF7xSjT/WODRj7wKV5sKPGDCSyBGe7gsWyMAVOtBihXOC5NxN1E,Chaos Code,recV6irNLkHsWnj0B,https://matcherino.com/tournaments/158911/admin/general,1,Double Elimination,https://twitch.tv/matchstickmelee,,Sat 7pm,2,https://www.start.gg/tournament/vortex-gallery-at-frosty-faustings-xviii-2026/event/chaos-code-new-sign-of-catastrophe,62,,dc289a78,https://matcherino.com/tournaments/158911,5,Sat 01/31 12:00pm,recupO8N3Tywmdiwt,CCNSOC%20%28PS4%29,1402938,1st Lineup,rec0iHrtFEIKT3YED,"None, MM",True,"3/5 Games for Losers Finals, 3/5 Games for Grand Finals, 3/5 Games for Winners Finals","Crimefighter,BunniesFromHell,poco","recArWegKoDSPuCZE, recot9Z3qqXGv5m5o",2/3,"@crimefighter.bsky.social, @airdash.bsky.social",dc289a78,Chaos Code,CCNSOC,"https://www.start.gg/admin/tournament/vortex-gallery-at-frosty-faustings-xviii-2026/attendees?page=1&filter=%7B""eventIds""%3A%5B1402938%5D%7D",50/30/20,125,1,Sat 1/31,BunniesFromHell,"1769882400, 1769907600",✓ Crimefighter is donating 50,50,BunniesFromHell,reckMlVP2DrY8hIGA,boarders on,,,,"boss mode characters and chaos mode characters are banned. If there's a disagreement about stage, play on lupinus stage.",,,,,,,,,,
1,,PolarBair,Fri 2pm,True,polarbair_8,True,,https://www.start.gg/admin/tournament/vortex-gallery-at-frosty-faustings-xviii-2026/brackets/1402960,"reck0gI0z6IfDofRC, recnkgzxyQJih8soH, recFHpQL70GpuFB6g",Cyberbots: Fullmetal Madness (MiSTer),https://twitch.tv/ugsgaming,17,,https://topinfinity.org/?game=30180&event=1402960&theme=vgffxviii&teams=0,Fri,1,https://bsky.app/profile/polarbair.neocities.org,Cyberbots,True,True,,85,Fri,2025-09-20T05:39:29.000Z,https://vortexgallery.moe/info#CBOTS,,Cyberbots: Fullmetal Madness,17 / 32,"OmniRabbit (he/him, any)",4,rec84evYJFMyISq4f,PolarBair#731171,1,"rec0yiFFQSj2bcDaX, rec7L5el9mXH83b48",reca5R6jcnOHP5KAC,0,True,53%,2/3,https://v5.airtableusercontent.com/v3/u/57/57/1790683200000/fPs73IIaSVpQCrqa3K9SUg/XPmRfQ18rkxrbPA8__r4Pf7UClq7oDQTLKuCxvnM32KyZl2dtT6iXsMrAftR7Nn1Zkg6lda8rDkR5pA8IH8Z28VqYaThFvPYh0QEKdAMPy7CjjJNjxDxE-kH_Fl8qj5qj-UHCg4ImykG5IuBqhHdXw/6z9DybUgcHJH3-wydRM_mEj_FwPsdj1t6mnDQYaMAgI,True,https://www.start.gg/tournament/vortex-gallery-at-frosty-faustings-xviii-2026/event/cyberbots-fullmetal-madness,3,4,04:00pm,,None,https://drive.google.com/uc?id=1sTtVZUDAoW2-AyTu5sErtNnsmkZlxbxf,"recSE0WTLMMQYVQiO, rec2vkVQnCLQtLQj7","recmiapI7rg3n0bge, receH3F2BNuUA9Utx",30180,Fri 01/30 04:00pm,recyieuuCNmLkc6WT,recPtLSGWYXOicZYa,https://v5.airtableusercontent.com/v3/u/57/57/1790683200000/-BkX5crTB-SV8_AEX53ctQ/LC-3pDzj2buU5N5b7PWLpWQ0SQVCN1RJVhLisioXrouz6xEtgP65RKT0SAZ9L-_F-agsMxw4voniUKe0BJEK_kW20W-lBlVDR931jutD5YeyUbswM2eQplhTSqqb5e4nqznr65BCgvbGmeXCi-LTBCO2cKK3qqFmwbzqE74lUuA/4YgDbIhfOR09dBbXkZiLKQEhkWheSjChE1iWWiKUhm4,CBOTS (MiSTer),04:00pm,1,Winner must keep character. Loser may switch.,True,recSCaKCJRhBNgEvq,0,0,3,3,02:00pm,"Thu 1/29, Sat 1/31, Sun 2/1",MiSTer,Confirmed,True,32,recY9oKWXSGvG06bL,Cyberbots,rectZuU7InifNYEdK,PolarBair,3 Hours,3 Hours,2 PM,,https://matcherino.com/tournaments/158912,2026-02-10T18:44:15.000Z,reca5R6jcnOHP5KAC,recNSFNWMVDinsVkV,,"recWnrTIwTGUjug6I, recxuWqHZBZgM52PH, reckYhXj6GvWPF2Vi, recXc46iIcNbUltav, recgSObtaXp1qXTbs, recWahCqaypNf8Mas, recMy9zl8c2EIGL4a, recNJ8hFnVm3ZTF8Y",Collected,https://v5.airtableusercontent.com/v3/u/57/57/1790683200000/U1LXyqiCpqaYz734SiVGdg/c6KevYlSOR6hWCLVgLiaGEsJNEkh5aMpLxhJsROEN125UNrZ5F48IMCxMa-t2GtIzeHLHFBISktcq3Mi6KfizsKX6I9OT7Hbolq0ziNXihx8iWS6LBgriG_0kTc9lHzj5BozQw4KUgoIgQpnx8fUESY7egjw46suEGXIt-OQs9Txi0oub9t33i9irQJywKrs/ffk9Oo1L4g8TfTLCZvmVNeksDmatXdtw0LXSfza35Mo,Cyberbots,recsjzSn9OyxGku3g,https://matcherino.com/tournaments/158912/admin/general,1,Double Elimination,https://twitch.tv/ugsgaming,,Fri 4pm,0,https://www.start.gg/tournament/vortex-gallery-at-frosty-faustings-xviii-2026/event/cyberbots-fullmetal-madness,17.5,,a88e8515,https://matcherino.com/tournaments/158912,5,Fri 01/30 02:00pm,recOe2nNMUC8MkmVj,CBOTS%20%28MiSTer%29,1402960,1st Lineup,recmiapI7rg3n0bge,"None, UGS",True,"3/5 Games for Losers Finals, 3/5 Games for Winners Finals, 3/5 Games for Grand Finals",OmniRabbit,,2/3,@omnirabbit.bsky.social,a88e8515,Cyberbots,CBOTS,"https://www.start.gg/admin/tournament/vortex-gallery-at-frosty-faustings-xviii-2026/attendees?page=1&filter=%7B""eventIds""%3A%5B1402960%5D%7D",50/30/20,85,1,Fri 1/30,,"1769803200, 1769810400",,,,,,,,,Warlock is banned.,,,,,,,,,,
1,,Lateenx,Fri 4pm,True,vatoheem9251,True,,https://www.start.gg/admin/tournament/vortex-gallery-at-frosty-faustings-xviii-2026/brackets/1478422,"recSiqdqsw7axp1Zw, rechH3Xslh2PrYiOq, recBC7GyipF4t3cSX",Dark Awake (PS3),https://twitch.tv/ugsgaming,21,,https://topinfinity.org/?game=31935&event=1478422&theme=vgffxviii&teams=0,Fri,0.75,@dshiznetzz,DA,True,True,"@AJ34_SSB, Polaroidprod",105,Fri,2025-10-08T00:14:23.000Z,https://vortexgallery.moe/info#DA,,Dark Awake,21 / 48,"LegendaryBlueShirt (he/him), lateenx (he/him), XagrandK (they/them), Zanshin (he/him)",4,recvs9QxkcstAlXlk,Dshiznetzz#695170,1,"recu3HYGDMxQYFrrR, rec0e2zYbi5ZUgTsR",reca5R6jcnOHP5KAC,0,True,44%,2/3,https://v5.airtableusercontent.com/v3/u/57/57/1790683200000/WE3F73EVo6ucwgf99niWCg/P-J7NNqBQA6MUxK28xC77yFeivlSHnSNfSIuGcfNUOAIxMgaKaQlKYiD-wzX8zUzGArjPXMN9zuW76OwHeJeH7a2qXF3TULVrphXWTgrZPZ-ocR2azjDqzsK7-7fkcoqEDkItqXV4WG1CPlofj-Xb2qdQE0cuLglOlIdPQmjdEs/bO4k3LBLFlnVD7CM9WVuPldkOYWuCBZqBVzKbQHEPxU,True,https://www.start.gg/tournament/vortex-gallery-at-frosty-faustings-xviii-2026/event/chaos-breaker-dark-awake,3,3,06:00pm,,None,https://drive.google.com/uc?id=1YeeIDVEuMZHSUVlK-c60LsWBGXGWgJHH,"reckiRx00MNQ1DSWi, reccNIJs13HkYvNcm","recHGpG5xoApoNAnU, recg38MH68qUoMc2V",31935,Fri 01/30 06:00pm,recGQqZa7DI5BQA4p,rectgStwcOrGxCljk,https://v5.airtableusercontent.com/v3/u/57/57/1790683200000/A1oVzmF94Y_FH07pTaACvg/t7qFgdkPu_qzrjuHFiK_v0fsMqxYQgfwphMkBwDtXklxEHiibjaea9YDZtUGvIUd_n3E4kNoVkCFMFon_JsDl7ibM_8K1s3dyUb1FEeWxSfpRUP1sjFeVdb6uIxBSD0JK_8WK-UXQXysagnDviEy2sO9fd6EKbe3SslbxscfRNk/VcaLZFOf2UcdbyfmxYxW24J6B0UWsp4GDGD4wGtVlyM,DA (PS3),06:00pm,4,Winner must keep character. Loser may switch.,True,"recQi3lqpOtT1klOi, recvs9QxkcstAlXlk, recz8iwUiF9RLhh8Z, rectS3eDMuVIC6bn8",0,0,3,3,04:00pm,Thu 1/29,PS3,Confirmed,True,48,recWiItgFowdPELrp,Dark Awake,recUNSOj4QTIcejON,lateenx,4 Hours,3 Hours,5 PM,"recQi3lqpOtT1klOi, recvs9QxkcstAlXlk",https://matcherino.com/tournaments/158940,2026-02-10T18:44:47.000Z,reca5R6jcnOHP5KAC,recMw7NoplxAoA09L,,"recqXfiT00F1PHuSm, rec8nNEB1Ez1kBth6, recU68GDZazVZOPV4, recLWXow4KhEMhLcd, recOCW3ZhGMWFeUBn, recLpyEt3s6KUifCP, recYPmTQEx8Wz0xVx, recX9KPImglf67F0Y",Collected,https://v5.airtableusercontent.com/v3/u/57/57/1790683200000/IfG0K8CvUOb_GOPKP9cTOQ/4Of2iKcFZ_Ko9O4WCkE3OzrNb1Disci6PHiCqMYVMWJOppxSCBad1tuBogFuDypkn7vXRGa609cdoAjZXh3ECr7CDFIDJsKG8KlvvySfYw6DldK28GzNhVhyh-B6IrogmsjHf1Ik_kKcbzedIBWojFoB2D7iIA9eeb7Edi7CRdE/wp7UyiElxm-5YoM4sE9wSeKU33Ftg2mndX1J9S20WgY,Dark Awake,recinc6b9NNMARnpU,https://matcherino.com/tournaments/158940/admin/general,1,Double Elimination,https://twitch.tv/ugsgaming,,Fri 6pm,,https://www.start.gg/tournament/vortex-gallery-at-frosty-faustings-xviii-2026/event/chaos-breaker-dark-awake,9,,602869e0,https://matcherino.com/tournaments/158940,5,Fri 01/30 04:00pm,rec2n7SDB3dkbaPBY,DA%20%28PS3%29,1478422,2nd Lineup,recHGpG5xoApoNAnU,"None, UGS",True,"3/5 Games for Losers Finals, 3/5 Games for Winners Finals, 3/5 Games for Grand Finals","LegendaryBlueShirt,lateenx,XagrandK,Zanshin","recwSarOpP5xB5RZO, reclac9DidNZheYvF",2/3,"@LegendaryBlueShirt, @dshiznetzz, @xagrand, @Zanshin_Stance",602869e0,DA,DA,"https://www.start.gg/admin/tournament/vortex-gallery-at-frosty-faustings-xviii-2026/attendees?page=1&filter=%7B""eventIds""%3A%5B1478422%5D%7D",60/30/10,105,1,Fri 1/30,"LegendaryBlueShirt,lateenx","1769810400, 1769817600",,,LegendaryBlueShirt,recQi3lqpOtT1klOi,Default settings ,,,No bosses allowed,No bosses allowed ,,,,,,,,,,
1,,H0oDLeSs,Sat 1pm,True,h0odless,True,,https://www.start.gg/admin/tournament/vortex-gallery-at-frosty-faustings-xviii-2026/brackets/1402961,"recDsBOSZjsQP0h55, reckEJtQhEo8FONdp, rec9Q75ZiVfATxrqO",Dead Or Alive 6 (PS4),https://twitch.tv/matchstickmelee,26,,https://topinfinity.org/?game=3139&event=1402961&theme=vgffxviii&teams=0,Sat,0.6666666666666666,@ihoodless,Dead Or Alive 6,True,True,"@matchstickmelee, @StoveFGC",260,Sat,2025-09-20T05:39:28.000Z,https://vortexgallery.moe/info#DOA6,,Dead Or Alive 6,26 / 64,"H0oDLeSs (he/him), A1R-GEAR (he/him), JohnnyTheFlash  (he/him)",3,recumKKFyvUDmjR4h,ihoodless#715126,1,"recW8WfWLXSiom6oK, rec9ZbebjIAB1fkyb",recxMC4P6LO0TmJ5y,0,True,41%,3/5,https://v5.airtableusercontent.com/v3/u/57/57/1790683200000/yetL6MxRBtKtl_Jr9t8o9Q/aPwMoZDLbRoWYfng2rZkTvRH6HP2xPyHwMMw-mA3qC5W-Vl-mqivms4frCQ3srN6K7uldNMUqFCviaZmWbtdCD_funXY9ngU3KavIllO-QY9QS3XrvvG5e7MEIq2kkfIFQCYfp5vp0-VeDkhadqejkJad7ZFuQDi2gXr6DnFwKo/5lkpgu8bbzdse1gFMqvgnPDSF19EzHJy0cJnKn6gy80,True,https://www.start.gg/tournament/vortex-gallery-at-frosty-faustings-xviii-2026/event/dead-or-alive-6,3,2,03:00pm,,None,https://drive.google.com/uc?id=1PAKjjK0J8LZ808Y0DeN-pNNYh47-6Kiw,"recZlyMS9OaenveXO, recaEaHnD9snWAgIz","recDBhIiT65wcu73L, recYXac8QvJYYAeuV",3139,Sat 01/31 03:00pm,,recH3Gd99SIRmevAH,https://v5.airtableusercontent.com/v3/u/57/57/1790683200000/TZapBDsgXzuOyldosDSDWA/8RbBre6p_u3pfayyNYQo7bdm6GKklQyaeH1BYPu5j3Ihe7bUA2jQRcdFAV4tJW0l5j0abqg5ICoBAe0YcRaseeEdHa_6GI6NquGE4PVlCWVZlYWErbW2UGMfu6PZBxLNbJOc_EvKRVrPObashkdPyEfIOiv6RB5KV1S7Qc9ZAF0/WiybQIT_9UprvDyxAB3smqUZ8x9lnhojo3RCWVkB_XI,DOA6 (PS4),03:00pm,3,Winner must keep character. Loser may switch.,True,"recumKKFyvUDmjR4h, recF0FTVZoVycwUmC, recby7eVpQwusCdAn",0,1,3,3,01:00pm,,PS4,Confirmed,True,64,rectXRmiQzzgML7Wd,DOA6,recXGJiIQOsPOBTEN,H0oDLeSs,3 Hours,3 Hours,1 PM,recumKKFyvUDmjR4h,https://matcherino.com/tournaments/158916,2026-02-06T03:26:32.000Z,recxMC4P6LO0TmJ5y,rechXyNojO7OQRuIt,,"recvRk0fgcrnaREE9, recLZmRYCgZcdnIB5, recFM6kXKpnWO0NhT, recDvSkro9MS679M4, recS5M1yaW8EXSE7V, recPTbK0bEDuUAUeT, rech290XsjbSc61nE, recsy6ISjs0dtkCYz",Collected,https://v5.airtableusercontent.com/v3/u/57/57/1790683200000/_2XXsezfQwmEiwjSpsx5mg/dvrQJQJG7SXmalUCwATL8GxKw1M1KOZxnSJzELVtoLV6nC0TmmIVWDUGuNzo8voK6M0SIP_3viuZ2KWpBY00M-VKJdOtTIJIlxDXOfh1UXTLQ6-cTauHgNrFaxMy72ymWiHUjQAuIYJmTyMby28BXwpy2q3VCNwK9qxQQL7smP80Aix6oEaEwWxZnH4L64-g/pfQ7npNRLME0LsWh5yj9NyO5ZrNWYPSGx_mROb9obFY,DOA6,recV6irNLkHsWnj0B,https://matcherino.com/tournaments/158916/admin/general,1,Double Elimination,https://twitch.tv/matchstickmelee,,Sat 3pm,0,https://www.start.gg/tournament/vortex-gallery-at-frosty-faustings-xviii-2026/event/dead-or-alive-6,77.5,,83daa16f,https://matcherino.com/tournaments/158916,10,Sat 01/31 01:00pm,recW3KT4HAFoFoKfk,DOA6%20%28PS4%29,1402961,1st Lineup,recDBhIiT65wcu73L,"None, MM",True,"3/5 Games for Winners Finals, 3/5 Games for Grand Finals, 3/5 Games for Losers Finals","H0oDLeSs,A1R-GEAR,JohnnyTheFlash ","recArWegKoDSPuCZE, recot9Z3qqXGv5m5o",2/3,"@ihoodless, @AceNine13, @JohnnyTheFlash_",83daa16f,DOA6,DOA6,"https://www.start.gg/admin/tournament/vortex-gallery-at-frosty-faustings-xviii-2026/attendees?page=1&filter=%7B""eventIds""%3A%5B1402961%5D%7D",60/30/10,260,1,Sat 1/31,H0oDLeSs,"1769886000, 1769893200",$100 or more from me. I’ll know closer to the event. ,,,,"- Normal Holds: 4-way 
- Round Time: 60 seconds 
- Rounds: First to 3 
- Character Selection Winning player must remain their character.
  - If Random was selected, then player must re-select that character
- Stage Select: Dangerzones: On
- Stage: Random
- Stages Removed from Random Filter:
  - Chamber of Potential and Forbidden Fortune",,,,,,"Thu 1/29, Sat 1/31, Sun 2/1",,,,,,,,
1,,omega_black,Fri 12pm,True,omega_black_was_taken,True,,https://www.start.gg/admin/tournament/vortex-gallery-at-frosty-faustings-xviii-2026/brackets/1465722,"rec4N8mxgRqiNsr94, recNnzW2wEvJPcRGr, recz2sRxI9xG45nyo",Def Jam: Fight for NY (PS2),https://twitch.tv/matchstickmelee,26,,https://topinfinity.org/?game=6553&event=1465722&theme=vgffxviii&teams=0,Fri,1,@omega_blackFGC,DJFFNY,True,True,"@matchstickmelee, @StoveFGC",260,Fri,2025-09-23T21:36:59.000Z,https://vortexgallery.moe/info#DJFFNY,,Def Jam: Fight for NY,26 / 32,"YuJo (he/him), BlackmanPackn (he/him), datboijuiceTV (he/him)",4,recsnmM0N6emZ97dR,omega_blackFGC#709267,1,"recYO0LjzxjuTn7Lv, recg6X40hl9ybi3T2",recxMC4P6LO0TmJ5y,0,True,81%,N/A,https://v5.airtableusercontent.com/v3/u/57/57/1790683200000/sp3fNu6hiIP-zIuXlV_dPA/MFdvdd9xuHIdKne9HqcZebTURrqAbejYF1HOsLiaLmAP5XzyxvxhyJTJNeo9pBtbAvX9lS_cn7rmbFUGIfYMcZwz7N5D8ZM1lKjhLAqoNnhXQmExsk739jPRj6hRk16q9Rlm-k1sxu_g-IkNRedauA2fHnjy9XGuCSUKaE5KdZI/VUse5grVrsfCcDiGCz57FNsgtQuKgkOOqiFJAfitjes,True,https://www.start.gg/tournament/vortex-gallery-at-frosty-faustings-xviii-2026/event/def-jam-fight-for-ny,3,4,02:00pm,,None,https://drive.google.com/uc?id=1tGIT-pEsrv_2OajMyUPzN_Jf8NRG8qsc,"recdmANXGSBpdAlJW, rec3W4NuEqDvz8bxu","recNmIMeieZQV90kv, recgnlcJ1gAcUoBns",6553,Fri 01/30 02:00pm,recZrQCJzLmOX67Ru,recqX1TggHaleJELG,https://v5.airtableusercontent.com/v3/u/57/57/1790683200000/M-YVd3ItCTdjYdpGvH_5_w/gluLZ1A-fndexlZfdaWp5vdiJoYqsHAmRjnkaqLfuD4xXnYEwHW2ZaZJ2wypCQ-9Eey-BcoUditH8DbwKkEdWrgLSQk3FoeQPUH0hyGndGHTHBaJLCcosduoJknu8AhuE-gpc7zA9GaF8ffEJmIf1H0gh4x8r7OnzFtAXQBdbto/wvkbzcU5Ta1B9QrK3f0YUQtvnuvDUuqQXS18BozRA7U,DJFFNY (PS2),02:00pm,3,Winner must keep character. Loser may switch.,True,"recmrpqc7ZS5NMIkL, rec3sU41hxscya2jj, recRbbqvOu3CdSKXN",0,1,3,3,12:00pm,Sat 1/31,PS2,Confirmed,True,32,recJISLWWYI4rt6Sp,DJFFNY,recONMbE2i2nbKhdx,omega_black,4 Hours,3 Hours,12 PM,"recsnmM0N6emZ97dR, recjFeIAz6nAcFthG",https://matcherino.com/tournaments/158914,2026-02-11T00:10:18.000Z,recxMC4P6LO0TmJ5y,recbkcCVosYVo0ITI,,"recSoxZvTTcOgGkUy, rec2AjPIgxefrfJsP, recU1YvJ1t60C8nJG, rece4OoEboeaulW6U, rec6YOmsMfhE19USf, recI7P9nUYURDEUex, rec0UXSodzcTTHutP, recosGhvNGe4WQLiO",Collected,,DJFFNY,recwkWKMNrkMvzVF5,https://matcherino.com/tournaments/158914/admin/general,1,Double Elimination,https://twitch.tv/matchstickmelee,,Fri 2pm,0,https://www.start.gg/tournament/vortex-gallery-at-frosty-faustings-xviii-2026/event/def-jam-fight-for-ny,37.5,,3f7ca881,https://matcherino.com/tournaments/158914,10,Fri 01/30 12:00pm,recNTCKr0FJ4UcBc0,DJFFNY%20%28PS2%29,1465722,1st Lineup,recNmIMeieZQV90kv,"None, MM",True,3/5 Games for Grand Finals,"YuJo,BlackmanPackn,datboijuiceTV","recArWegKoDSPuCZE, recot9Z3qqXGv5m5o",2/3,"@josiahjoestar2, @blackmanpackn, @datboijuiceTV",3f7ca881,DJFFNY,DJFFNY,"https://www.start.gg/admin/tournament/vortex-gallery-at-frosty-faustings-xviii-2026/attendees?page=1&filter=%7B""eventIds""%3A%5B1465722%5D%7D",60/30/10,260,1,Fri 1/30,"omega_black,wrencrt","1769796000, 1769803200",Pot bonus will be provided by myself based on number of entrants.,,,,"Difficulty set to hard in the options menu
1 on 1, submissions and crowd vote enabled.

Banned Stages
•  125th Street Station
•  Terror Dome
•  Gun Hill Garage
•  Red Hook
•  Tire Factory

Banned characters
Custom characters                        
Sticky                                 
Suspect                             
Carmen Electra                         
Doc                                 
Crow                                 
Bubba Sparxxx
Cindy J 
Xzibit 
Henry Rollins 
Slick Rick 
Magic
Crazy Legs
Warren G
Lil Flip
Teck
Sean Paul
Dan-G
D-Mob
Mack 10
Prodigy
Fam-Lay
Havoc
Joe Budden
Bless
Elephant Man

Stage Selection
-1st Match starts at Club Murder. Loser picks the next stage.

-Players may not pick a stage they've won on previously in the set

Character Selection
-After a match the loser may elect to pick first, the winner is character locked if the character they played in the previous match is was not stolen from them.

-Before a set, players may request a coin toss or rock paper scissors for first pick, if no request is made, characters are picked as normal.",,,"Infinites
-Infinites on the boxing rings, on flood lights, at empty areas of the stage, and using the roll off the wall, as well as the wall redaze are banned and will result in a forfeit of that round in the set with the following exception:

-All infinities are allowed to be performed for one rep then a combo ender must be performed except for the wall redaze infinite, which is never allowed.

-The infinite using Crow’s Office’s cabinet in the lower right corner is allowed for one rep per combo per the one rep rule

-The Strike Infinite is LEGAL.

-Using any grapple move that ignores the double down stun limit, i.e. chain stun grabs, are limited to one per combo except in the case of Blazin moves and a specific wall grab animation that causes an additional stun.

-No stalling when using a heavy grab. This rule was created because it bypasses the stun system and creates for long infinites.

-Fall Resets are completely banned. ",,,"Thu 1/29, Sun 2/1",,,,,,,,
1,https://twitch.tv/ugsgaming,Wishy,Thu 6pm,True,crqwish,True,,https://www.start.gg/admin/tournament/vortex-gallery-at-frosty-faustings-xviii-2026/brackets/1402950,"recwzinGxQ0qAc7Ua, recawlS7zGpkZ0HEv, recI5lUZUb3aZKui1, reclqKbQ8FGn1L9lE",Dengeki Bunko Fighting Climax Ignition (PS4),https://twitch.tv/ugsgaming,32,https://twitch.tv/ugsgaming,https://topinfinity.org/?game=4267&event=1402950&theme=vgffxviii&teams=0,Thu,1,@crqwish.illinoisfgc.com,DFCI,True,True,,160,Thu,2025-09-20T05:40:06.000Z,https://vortexgallery.moe/info#DFCI,,Dengeki Bunko Fighting Climax Ignition,32 / 32,"Twak (any), Jactually (he/him), Wishy (he/him)",4,recPqaSJR7PiIN3Gv,CRQWishy#470269,1,"recBsiY6wn66FwQMJ, recaOm4SQolBsOLRa","reca5R6jcnOHP5KAC, reca5R6jcnOHP5KAC",0,True,100%,2/3,https://v5.airtableusercontent.com/v3/u/57/57/1790683200000/GHGB1zbEFYlQr7ugzml5GA/TqHdDCEjeKQYfiWqGa0Ur_LSwjLnvhU4kNP4F2RG-Rbd5BT5G84kB7DiaTVA4M2MwWwa06XwYiX7UbpiiUxCDfAj7HQrB_spxZRIsKjbKJYqC-EMZHvAoziQ030lIoIFeXfrRblLFWUKTi0ZHcNkQJ1Mx-iv4iqNiNBDzkxIAZWX7gfqqKWjR0rlDlq-kV32/_XRxpZz71RTP_e4dQRt1V3--6Nlz3js0tzn4LawPHlo,True,https://www.start.gg/tournament/vortex-gallery-at-frosty-faustings-xviii-2026/event/dengeki-bunko-fighting-climax-ignition,4,4,08:00pm,,None,https://drive.google.com/uc?id=1Es1xxOQeUo5D19t5hIolMJ5evBn7C17t,"recVPFCIl6K8dxhXI, recogqkEAD5GXLV1J","recHqz6HccB7WNWEZ, recWbFi9hhF0UwfUd",4267,Thu 01/29 08:00pm,rechIHiV8HbA4tIKc,recf0jryd7nktVuXV,https://v5.airtableusercontent.com/v3/u/57/57/1790683200000/L3gnm_Pj9rUS6lUCjPoxzg/5Iwlt-leD1eJ5CSjZrhnpICkDDOE0IN3uxGTQhXDAt7T0FsgR_ySl3ezB35ZfmzrmWiXQnJ_6WDM9bB7sbzw5kp3g9nV7XmZ_opTaTc5J8PS7c8K1AtmSuPHuUuxIqZNi-84fbnzx0yq4A9uS1jyzkK0kHcE1bdu0v6R_mQq3DY/BkI9W4GuJ5-i_cbQ28paa3PyxRJVBZnvRFlU_1bEpHU,DFCI (PS4),08:00pm,3,Winner must keep character. Loser may switch.,True,"recLBHRQ1aF13SKxW, recgUsO6MEyWqS32R, recPqaSJR7PiIN3Gv",0,1,3,4,06:00pm,"Fri 1/30, Sat 1/31, Sun 2/1",PS4,Confirmed,True,32,recVAGid6Sqkw7w5M,Dengeki Bunko,recUzmJTqJH7lf1Cw,Wishy,4 Hours,3 Hours,6 PM,"recPqaSJR7PiIN3Gv, recezzUfXCIQ7LZRQ",https://matcherino.com/tournaments/158913,2026-02-10T18:35:38.000Z,reca5R6jcnOHP5KAC,recBqzSwmXjyEKIFG,,"reccA8OFx4mQglZ0t, recIb112GAGSNwFeX, rec6ZdDka4z9sJ0rw, recB6VRpxLS3HYxk0, recm7kQZ5qAOm5oYj, rectNWVwqusRUE7V1, reckPX8EwlPOabV2r, recSQeYoqDcRu6jpN",Collected,https://v5.airtableusercontent.com/v3/u/57/57/1790683200000/yQ6rIx8Lz4GdQxkgKkOAEw/l9-2NQ8G9l0yXH-R-7FSYFi23ZsnWpO7cJRlFlCOoT0xAPuGDoSvasaOJPwkExSFtCisoaIZhQeUxtxEysvkhHAMDYSP_InzDJWji4JtZ9jtpI5t9VF-9uVltPP_VoXr1JSWOTGv3xq4JRg5bdTYzZ4fQUZTxZNYdAAb03RHzokTnkaBgTHCluXIWUMk3P54/VXRBuAvt8VZlcMgWlOe1gqFaU3fT9JYbFd9bFYFUglc,Dengeki Bunko,recV6irNLkHsWnj0B,https://matcherino.com/tournaments/158913/admin/general,1,Double Elimination,https://twitch.tv/ugsgaming,UGS,Thu 8pm,0,https://www.start.gg/tournament/vortex-gallery-at-frosty-faustings-xviii-2026/event/dengeki-bunko-fighting-climax-ignition,112.5,,a5eb6739,https://matcherino.com/tournaments/158913,5,Thu 01/29 06:00pm,recLeKeea7LugrqEB,DFCI%20%28PS4%29,1402950,1st Lineup,recHqz6HccB7WNWEZ,UGS,True,"3/5 Games for Losers Finals, 3/5 Games for Winners Finals, 3/5 Games for Grand Finals","Twak,Jactually,Wishy",,2/3,"twak.bsky.social, @crqwish.illinoisfgc.com",a5eb6739,Dengeki Bunko,DFCI,"https://www.start.gg/admin/tournament/vortex-gallery-at-frosty-faustings-xviii-2026/attendees?page=1&filter=%7B""eventIds""%3A%5B1402950%5D%7D",50/25/15/10,160,1,Thu 1/29,"Wishy,Blossom","1769731200, 1769738400",I'll double the pot bonus (50 -> 100) if we hit the player cap (32) by the time VG reg ends.,50,Javonero ,recalvuixEGopNYJ0,"Default Settings (2/3 rounds, 99s timer)",,"I will give the winner a random toy I won from a gacha machine idk, I'll figure out something funny",Any game-freezing glitches are banned.,,reccofxfOFkIkwxEI,,,,,,,,,
1,,HANSON,Sat 12pm,True,the_hanson,True,,https://www.start.gg/admin/tournament/vortex-gallery-at-frosty-faustings-xviii-2026/brackets/1499730,"recHyL9JFrqoDurhd, recaUHj2V24Wouuhe, recW3zD2dadLGyqNr",Divekick (PS4),https://twitch.tv/matchstickmelee,25,,https://topinfinity.org/?game=7667&event=1499730&theme=vgffxviii&teams=0,Sat,1,@UA_hanson,DK,True,True,,125,Sat,2025-10-14T03:14:03.000Z,https://vortexgallery.moe/info#DK,,Divekick,25 / 32,"TCG (he/him), mtbeck2012 (he/him)",2,recbD41t6K0qIr9Ag,the_hanson#2174784,1,"recvlK8GUhiN3Glxw, recafmpHW5ACfbrmv",recxMC4P6LO0TmJ5y,0,True,78%,5/9,https://v5.airtableusercontent.com/v3/u/57/57/1790683200000/_tJemEJiBpJMa6P_-qa-dw/Q4rnPmCpFDJcLIrA1Nh11y_n1iRfOTKAni4RgWLScfiSKfzJGCUx9q_yXAq_COge1Wllsh1FKdFYn13F7Ltv49XUPwtxjpb3-ohkg_ny_6A7hPPpgLuWvi4bPQILkzIp7W1xYc_TG742WrAmkut9jj0olJAQ90hErRfHZ33DHfs/5Pgj4P17r-3FXFBfuzNa9uvm5l_ABc20_yG2yQP3jvg,True,https://www.start.gg/tournament/vortex-gallery-at-frosty-faustings-xviii-2026/event/divekick,3,2,02:00pm,,None,https://drive.google.com/uc?id=1mVgJEm3pTp-O25pvzzMzoFXfYZiXRNnG,"recRh4UxfGuWRXTBO, recNBFu70bYjttiQy","rec0iHrtFEIKT3YED, recmLoNS945v7Aqku",7667,Sat 01/31 05:00pm,,recCvnJIsqxZ6p1gi,https://v5.airtableusercontent.com/v3/u/57/57/1790683200000/nOuz0F97ra1UaaZys-fh6w/y5FBn7ZKnBl7zBMvSfJ5Zrm5jqHLpGt0FcLDPyZ4fb0eTk35B5gpn7DDBym9FZ0omkNa88nDDydl9h8XWxjdpf9gVixWXzM-Ak1wzLaZv6zF5uOZjNrngNi-7_lFEVM3zUZtkvwsFxVzGq5q7dc2aj13GjkzgJAUpWQ9jJXr51o/X6sd1j_cZBsAN_a60km1bANXgeVWVPsO_7K1BfJKl2A,DK (PS4),05:00pm,2,Winner must keep character. Loser may switch.,True,"recNqjuc5E5CEhrP9, rec7jNrIpHmQk5vH2",0,0,3,3,12:00pm,Fri 1/30,PS4,Confirmed,True,32,recbyAWHI7vLfa7cP,DK,rec9UaJE3cc70EJDf,HANSON,4 Hours,3 Hours,12 PM,"recbD41t6K0qIr9Ag, rects1GEcul5WmEMi",https://matcherino.com/tournaments/158941,2026-02-06T03:26:32.000Z,recxMC4P6LO0TmJ5y,reczyVCQZkRwKoUU2,,"recTuARW4bzsICeXd, rec4CdOkzo7hvKeQD, rec0jSqoiseTP6fb6, recBdtJQY42koSLbZ, recoaBLqGwmrIIcnv, recPXCtiRAuldjX9Q, recJaCixcLdMKP9IO, reczRL6N6hrNmAY7e",Collected,https://v5.airtableusercontent.com/v3/u/57/57/1790683200000/yKa_q-zuTD6mUvUUsDl4kQ/jv8400AzW2QpErTfhZZrGcz78JtBUjjt3ZMy3S0dYHh9dDsF-MFPwy2U732hVPW8ZXovFGyYJoT4Q6bePR6TjuYbDFelbh3Wta2EI-Czgf_ICuqwxHLeENbjNQlCwXYZzF63XqW1mRf2-NQ2J5TDwu_wb4FQDa_GzG6z265EfXtHoWVYvWt7r6QAOQQ8I8Hp/rexJ2bTVdUQVtbymUOjCWF8fbdeXhh_Q68IfoGGttfY,DK,recV6irNLkHsWnj0B,https://matcherino.com/tournaments/158941/admin/general,1,Double Elimination,https://twitch.tv/matchstickmelee,,Sat 5pm,,https://www.start.gg/tournament/vortex-gallery-at-frosty-faustings-xviii-2026/event/divekick,39.75,,4fba3d7b,https://matcherino.com/tournaments/158941,5,Sat 01/31 12:00pm,recscYtzcflwYaJD5,DK%20%28PS4%29,1499730,3rd Lineup,rec0iHrtFEIKT3YED,"None, MM",True,"3/5 Games for Losers Finals, 3/5 Games for Winners Finals, 3/5 Games for Grand Finals","TCG,mtbeck2012",,3/5,"@TCG_gekkouga, @mtbeck2012",4fba3d7b,DK,DK,"https://www.start.gg/admin/tournament/vortex-gallery-at-frosty-faustings-xviii-2026/attendees?page=1&filter=%7B""eventIds""%3A%5B1499730%5D%7D",70/20/10,125,1,Sat 1/31,"HANSON,TacBac","1769882400, 1769900400",,,HANSON,recbD41t6K0qIr9Ag,- Default Settings,,,,- Winner can change gem after loser picks their character,,"Thu 1/29, Sun 2/1",,,,,,,,
1,,Angstydragoon,Sun 3pm,True,angstydragoon,True,recEzBkTduzQPn8RD,https://www.start.gg/admin/tournament/vortex-gallery-at-frosty-faustings-xviii-2026/brackets/1402975,"rec90qADOj7cx78Pj, recyV1dwE9pJP65Tv, recN9vifegGedVh8f",DNF Duel (PS4),https://twitch.tv/vampirearcadia,32,,https://topinfinity.org/?game=41040&event=1402975&theme=vgffxviii&teams=0,Sun,1,@AngstyDragoon,DNF Duel,True,True,"@ailerus.vampirearcadia.com, @MiniMaww, @2Old2Furious",165,Sun,2025-09-20T05:39:26.000Z,https://vortexgallery.moe/info#DNFD,,DNF Duel,32 / 64,"Twak (any), Pineapples (he/him)",4,recqz7Jtq68ewRcDJ,,1,"recgHf7ua0ZHDxMLv, recEjEQjQQUOxhIKv",recgF4EUwg1yzChkK,5,True,50%,3/5,https://v5.airtableusercontent.com/v3/u/57/57/1790683200000/voZ1voEGCnuBbxJxCxiiuQ/TG4PShshdDE2KA1YS5Q2n9VMdD0BWhFiqIV_7qNFcxObdW1ed5FllrOEHkc3lUmUcF5Ky9Mt73cFURXKj4gOd3DwzB4GS9peMgEYHHalEC6vLp_Cq3KyVa7rbxVTRTYaOb302a6k9nDFUGQwwGYp6Q/I2Hggy8i-p82JRJgcn-3CitAvRTm1ZLVvYeZvpwX7xs,True,https://www.start.gg/tournament/vortex-gallery-at-frosty-faustings-xviii-2026/event/dnf-duel,3,4,05:00pm,,None,https://drive.google.com/uc?id=1qW_l1Q6VneEQ7hqtWyqMrSY8fqkZhVeg,"recBIvwFqHHKq2mRL, recuPtUV7EfvYcXuU","rec3GVT4bvRDEbPm2, recNWvKA3ZAvsoi2l",41040,Sun 02/01 05:00pm,recySNdeyZcJUMvcS,recxu2Bpx33mnFgD8,https://v5.airtableusercontent.com/v3/u/57/57/1790683200000/NbuTRyelVS_5AEm9r_gzVA/nHvS9xSGlCqydGBQ38cEKPxUO6_Cx2PhrHizqVW7kG8xlkyvPIxV8yu6eO7V57jjlbsP0LB8W9MMqJh3yZlcp2V5fj7Hde3GNaeyRYUoS_owOFGW8msqFqO-vfbTaM1GBg75_eWaox8vNhgUNfL9uaiZmbv1KKyC8RMXv-Anw9Y/cbarMAl8doVBgntfb5XFatXGphhBghw5iYYZTNFlgu0,DNFD (PS4),05:00pm,2,Winner must keep character. Loser may switch.,True,"recLBHRQ1aF13SKxW, rec2e4KzKrPQMpR9r",0,0,3,3,03:00pm,"Fri 1/30, Sat 1/31",PS4,Confirmed,True,64,rech2lIpCezKR5yNy,DNFD,recrWVJOIi1ERPywl,AngstyDragoon,3 Hours,3 Hours,12 PM,,https://matcherino.com/tournaments/158915,2026-02-06T07:07:17.000Z,recgF4EUwg1yzChkK,recT0mHjgQxSXrk4v,,"recgs7IRZoxsTnGE4, recY6YcKcSsg6Qggt, recY5t60StIAgol8w, recdh5pQ4p6kjzRtM, recANdqUF0CmGCL2x, rec6Asum4mXUI7KsY, reczHdQeTrskXrmqY, rec27X8NStnNDgWTN",Collected,https://v5.airtableusercontent.com/v3/u/57/57/1790683200000/BOaq1LUhrzqehjQG17Xk8w/m8LmS3WOJibZQOB_nQSIRSzpvQ96tnqtgISGJOJIa5LPDn6pghkc1L6sAAeIZ2XG2rHMKMWlEdYdd2C_A8LoV5__Ji3ueUXqdf8n-Poyd8HB4gqxGD3BKPAZI44MBCnoT3uuouhCz697ERdQr1RUozbvu_FVkz46ltAJBIAD3KK_TUqrTFlITDMjeBb66E9V/ar_CopSIAcg9uR2b2PP-ZQDgbsjdExUggAyhj8VNtDM,DNFD,recV6irNLkHsWnj0B,https://matcherino.com/tournaments/158915/admin/general,1,Double Elimination,https://twitch.tv/vampirearcadia,,Sun 5pm,0,https://www.start.gg/tournament/vortex-gallery-at-frosty-faustings-xviii-2026/event/dnf-duel,22.5,,8412fd04,https://matcherino.com/tournaments/158915,5,Sun 02/01 03:00pm,rec7EbG8tTmlMi1Yf,DNFD%20%28PS4%29,1402975,1st Lineup,rec3GVT4bvRDEbPm2,"None, VMP",True,3/5 Games for Top 8,"Twak,Pineapples","reccix2fmrQ7uugQL, recJGX00iZQRUWfbP, rect90KuvDv5ThUJu, rec5JVOb6iWui5a7G",3/5,"twak.bsky.social, PineapplesCasts.bsky.social",8412fd04,DNFD,DNFD,"https://www.start.gg/admin/tournament/vortex-gallery-at-frosty-faustings-xviii-2026/attendees?page=1&filter=%7B""eventIds""%3A%5B1402975%5D%7D",60/30/10,160,1,Sun 2/1,,"1769979600, 1769986800",,,,,,,,,Only switch cubes on loss,,Thu 1/29,,,,,,,,
1,https://twitch.tv/matchstickmelee,jiji,Fri 12pm,True,jijiglobe,True,"recue5ArbSEJ5DFgA, recsJS3oybgbmhLz4",https://www.start.gg/admin/tournament/vortex-gallery-at-frosty-faustings-xviii-2026/brackets/1402973,"rec9angpJaIeS5vIu, recY2cbV6Fkf1i5dY, recI2QKOlD1IMnM7f",E's Laf++ (PC),https://twitch.tv/matchstickmelee,51,https://twitch.tv/matchstickmelee,https://topinfinity.org/?game=33629&event=1402973&theme=vgffxviii&teams=0,Fri,1,@jiji.michiganfgc.com,E's Laf++,True,True,"@matchstickmelee, @StoveFGC",255,Fri,2025-09-20T05:30:51.000Z,https://vortexgallery.moe/info#EL2,,E's Laf++,51 / 64,"TeddyTreebark (he/him), Fennel Tea (she/her)",4,recWbRq2slzX4z6oC,Jiji#1423361,1,"rec6IRTtNqnoxhBFr, recIlFZCjNNb8Nog9, rechXaUlloigtsmXt","recxMC4P6LO0TmJ5y, recxMC4P6LO0TmJ5y, recxMC4P6LO0TmJ5y",0,True,80%,2/3,https://v5.airtableusercontent.com/v3/u/57/57/1790683200000/KJ4ft7PVnCO6o9qBKXyyuw/IzTvp1qVPGx0_7naIaj4BxZ3XnNAxtA7Ka0329FRt4cfd1te7zwRsj4PC7fz-V46LXa_w67TaCHJjTplPUPnXexAHSEesg1tpG9c66lKnGOoWAx4uk95ANWYjDIsgKn_R_7a0iOuywLv8P-9qn_Tow/b1c-3Fr0WfP22euiiij1Qwkl-UbbIA4IyZN5U2VIiAA,True,https://www.start.gg/tournament/vortex-gallery-at-frosty-faustings-xviii-2026/event/e-s-laf,3,4,02:00pm,,None,https://drive.google.com/uc?id=1IvIFpY8lUl2QS3eYXwCpZUAez39YY5dP,"recOZ5gbf68QBWeiH, rece3AW7pWOTpVIiI","recNmIMeieZQV90kv, recf4lvFu1qdCo6jm, recmiapI7rg3n0bge",33629,Fri 01/30 07:00pm,,recQrVEDboIXPbFwK,https://v5.airtableusercontent.com/v3/u/57/57/1790683200000/cWEtdDCJYlekwAHC76eTHA/Uw0q_Ruudz8SHR2XCM5m7f6Q4x0_S5gNfqTarcq9WphFW4zZXcnjwniK26hNtq_Cd2doMswyTJ_ouH9NjI_f3ksEu8c0JsyrIb4iI2_vzCuVDExlCgF0HQ7fl4_tcRBPqh2eCCv4xNn84YalAm3NCYmIli4QABER_eCPoYXUJqw/23J-vKlBjp9G01pP2Pp03-5WIssVXn-sMUNfae3XzMc,EL2 (PC),07:00pm,2,Winner must keep character. Loser may switch.,True,"recRCAxdRLEx8Vf0j, rec8vtSV46xRcBhCJ",0,1,5,3,12:00pm,"Sat 1/31, Sun 2/1",PC,Confirmed,True,64,reckUUNsRmnHmysNU,Eslaf,recBTrfXRZDjjRDWU,Jiji,6 Hours,5 Hours,12 PM,rec3YWCctvYa3VWxY,https://matcherino.com/tournaments/158917,2026-02-06T03:26:32.000Z,recxMC4P6LO0TmJ5y,"recjgMDYe4v88yDI4, recF6sg21ZO95h4oJ",,"rec2Luz6aDgbV6Sjf, recojjlR0xqbyTdNp, recYPiNZl888vFYg9, recOG2vdrBhvRzFWJ, recN1uBFBjXE4fxAm, recdzvSF5IUunxTOI, recRsvXI4Z08azsUz, recgoGnY2l8PdEIac",Collected,https://v5.airtableusercontent.com/v3/u/57/57/1790683200000/15MjpURjgVkqg7Z2sTcmrQ/Bkg67B3UTsvBsxmTJB1Qdxc8KtUgVVxiMqkkyVPVvV-0_v1tpnqMne4mkZltIuTrqgYtc0LUjs2tCg0CuFHE6jHppGzRVc5vdGl6kjQ1UZvhXxzY3gR5t2nkDoDtzYM7yZAKxDG6jOy0HHu9CYP3QY5mevSRUBJHEcfHRV8kptftuP00qPRXpT3bkBetqNIe/-Wv7jauKSHBC31qGzdn1XCZ2WvGHuJ4dUaRnFy1Q5MU,Eslaf,recUTDtHkKsAuW7Tu,https://matcherino.com/tournaments/158917/admin/general,2,Double Elimination,https://twitch.tv/matchstickmelee,MM,Fri 7pm,,https://www.start.gg/tournament/vortex-gallery-at-frosty-faustings-xviii-2026/event/e-s-laf,24.75,,00cf840d,https://matcherino.com/tournaments/158917,5,Fri 01/30 12:00pm,recWMVKXVo4JoaSFd,EL2%20%28PC%29,1402973,1st Lineup,"recNmIMeieZQV90kv, recmiapI7rg3n0bge",MM,True,"3/5 Games for Losers Finals, 3/5 Games for Winners Finals, 3/5 Games for Grand Finals","TeddyTreebark,Fennel Tea","recArWegKoDSPuCZE, recot9Z3qqXGv5m5o",2/3,TeddyTreebark,00cf840d,Eslaf,EL2,"https://www.start.gg/admin/tournament/vortex-gallery-at-frosty-faustings-xviii-2026/attendees?page=1&filter=%7B""eventIds""%3A%5B1402973%5D%7D",60/30/10,255,1,Fri 1/30,Hyacinth,"1769796000, 1769821200, 1769803200",,,,,"Games will be run at 720p, vsync off, particle effects low, frame skip on. Midnight stage should be selected to avoid lag or performance issues.","Game can be run on steam deck. Game must be downloaded from Patreon. It requires proton experimental to run, which can be downloaded from steam settings.",,,Serena will not be legal because she’s not a complete character yet.,,,,rec5nHPss3P4Xqbq8,,,,,,
1,,deapest,Fri 2pm,True,deapest,True,recMbYpGkXHW7cd2B,https://www.start.gg/admin/tournament/vortex-gallery-at-frosty-faustings-xviii-2026/brackets/1499731,"rec0C5rK8X9BRUCzr, rec5DlWUo7TF5o9Ip, recUQwJLUEk4IJMEh",Eternal Fighter Zero (PC),https://twitch.tv/matchstickmelee,14,,https://topinfinity.org/?game=33860&event=1499731&theme=vgffxviii&teams=0,Fri,1,@fukuandurmum,Eternal Fighter Zero,True,True,"@matchstickmelee, @StoveFGC",70,Fri,2025-09-20T05:43:44.000Z,https://vortexgallery.moe/info#EFZ,,Eternal Fighter Zero,14 / 40,"datboijuiceTV (he/him), Sayaduck (he/him)",7,rec8w58D6P8Ut8sbi,deapest#2170317,1,"recFqJ5eHqORqV6bz, rectosCrhnyWwQYix",recxMC4P6LO0TmJ5y,0,True,35%,2/3,https://v5.airtableusercontent.com/v3/u/57/57/1790683200000/QfarhRMTnhwT4IUULRTozQ/EpKDBH3i1sgzKxb6I43zJ0ahVCnIhplw8bHXJwffDH3x6hP4dnBqVI31j4aJqCBEixR9vDwttCKxChaRSdcvgYTOY4sbG_8K5fak-9nf8j3w4ZYaYr3Q4P3Po2petld08kvTIB1pgBtxs6p6kX47xA/-E_DnXOLwJZR67sK-rrPQ1a5ES2Ezr4FQRg7ZEAd7Hw,True,https://www.start.gg/tournament/vortex-gallery-at-frosty-faustings-xviii-2026/event/eternal-fighter-zero,3,7,04:00pm,,None,https://drive.google.com/uc?id=14UcYcveoG5wpW0MpVAFpCKOsU8o1cX9A,"recfWy3sRLrJXXPck, recs7OavIMJWaORpp","recmiapI7rg3n0bge, receH3F2BNuUA9Utx",33860,Fri 01/30 04:00pm,rechR6PQfIZ3UugEf,recCnXEu4uVBxl7lm,https://v5.airtableusercontent.com/v3/u/57/57/1790683200000/9DbCaABu8DlBF0N_72l2Ug/Opke0EtHcuGdgihkP6aWD_sybaZUBLp2yvDPvKU-mNCFp7ExoE831qLHbqZuyqQxjIhmcmEoPZP-ZnZfmVuaPtHCuaj47ZwfvCiYzEPHQBwh6uqyHw7VhmweGfUoudpvQ7vcllqGcqP3udkyRMe6G4TBRlalGDvojW0A2Wdbh0s/_qvau44MBiA3c9cCWEKC6BfBY5n0nhruCOlNTkYfskA,EFZ (PC),04:00pm,2,Winner must keep character. Loser may switch.,True,"recRbbqvOu3CdSKXN, rectMuDnPhQExPPbp",0,0,3,3,02:00pm,,PC,Confirmed,True,40,recS5eJKIuyUBmxIv,EFZ,recTNoSS4H8fZIopZ,deapest,4 Hours,3 Hours,2 PM,recpdBbNorVCeDlKg,https://matcherino.com/tournaments/158942,2026-02-11T00:11:25.000Z,recxMC4P6LO0TmJ5y,recNhnBgQDhpZ2Sf2,,"recfjx21um78AN1A0, recOD2VG956WpWeUh, recwzyHlKlVH1BnWE, recCgFt4OuAB35UiZ, rectn7leMSjtXnon3, rec2TlqoC5bbIHLE1, rec23t2g2CEPQe72g, reckh7dorBBoPvzu8",Collected,https://v5.airtableusercontent.com/v3/u/57/57/1790683200000/0_3Jop16OmQXo4XQ0oouwQ/AqKaXmlMWimLpPjMeeg_v3jlk656J34-z61kG1NKfHcuJiNon8Jegeek10AoupWGuYAYrL5WW8wfSJQlIbdaEoD_bmXHRQSYUNrUU2QVo3nUDZnCJBD6AFnWTCS1YRWDUO3FercBT88Y7hpJZhIccKToNNpuIvcuQ7XL8dG0gUdr_1DYHdHjCvpFE0yQRFvX/hFPF2jppOMmcF1-bNooPUWP6ebkq-D_8KvZlVLoyVKc,EFZ,recUTDtHkKsAuW7Tu,https://matcherino.com/tournaments/158942/admin/general,1,Double Elimination,https://twitch.tv/matchstickmelee,,Fri 4pm,0,https://www.start.gg/tournament/vortex-gallery-at-frosty-faustings-xviii-2026/event/eternal-fighter-zero,12.5,,278aa203,https://matcherino.com/tournaments/158942,5,Fri 01/30 02:00pm,recaO9oWIEKsWrjOT,EFZ%20%28PC%29,1499731,3rd Lineup,recmiapI7rg3n0bge,"None, MM",True,"3/5 Games for Losers Finals, 3/5 Games for Grand Finals, 3/5 Games for Winners Finals","datboijuiceTV,Sayaduck","recArWegKoDSPuCZE, recot9Z3qqXGv5m5o",2/3,"@datboijuiceTV, @sayaduck",278aa203,EFZ,EFZ,"https://www.start.gg/admin/tournament/vortex-gallery-at-frosty-faustings-xviii-2026/attendees?page=1&filter=%7B""eventIds""%3A%5B1499731%5D%7D",60/30/10,70,1,Fri 1/30,Chrono Sanaki,"1769803200, 1769810400",,,,,"Gentlemen's agreement to different stage allowed before round starts
KANNA BANNED",I will have required game files physically stores onsite,,,,,,,,rectqKBCdyDjVj5pN,recue5ArbSEJ5DFgA,,,,
1,,LegendaryBlueShirt,Thu 8pm,,insanius,True,,https://www.start.gg/admin/tournament/vortex-gallery-at-frosty-faustings-xviii-2026/brackets/1402962,"recc3655CngDMbMm9, rech58U7GzBqOolAE, recfEBNu1SHxaBjyo",Fate/unlimited codes (PS2),https://twitch.tv/ugsgaming,16,,https://topinfinity.org/?game=11350&event=1402962&theme=vgffxviii&teams=0,Thu,1,@LegendaryBlueShirt,Fate unlimited/codes,True,True,"@AJ34_SSB, Polaroidprod",80,Thu,2025-09-20T05:30:50.000Z,https://vortexgallery.moe/info#FUC,,Fate/unlimited codes,16 / 32,"Bartender (he/him, they/them), Aaron Curry (he/him)",4,recQi3lqpOtT1klOi,LegendBlueShirt#754211,1,"recsXMnJV8N5RlWP1, recQRmFnzzKl1VBrW",reca5R6jcnOHP5KAC,0,True,50%,2/3,https://v5.airtableusercontent.com/v3/u/57/57/1790683200000/G4WV1BWhqXWudkuwZKk0RA/RlwUr2pnJMu3Zw1FIwybdcZr38coLG_Q6DiXF4TQSn8c5gTdszJ3_MELprnnT0nH9LKcfkRVEqKYv-1OCDlUxmmMoLL0E7Ix1brRfVou7wLzKGhggNWrIKczjTlO4Bgo_V9w39YxZp5twh8HG6kr5w/EAEq2Wrk18W7QHFlk16lwVdvJSvv2VhqcFtYG5knAEo,True,https://www.start.gg/tournament/vortex-gallery-at-frosty-faustings-xviii-2026/event/fate-unlimited-codes,3,4,10:00pm,,None,https://drive.google.com/uc?id=1kiAesVwm5Ji2jt-9CW1HbMwZ7MS4tT6q,"recrFmLeirxyTH6ah, recMEFRvj8x7fM6F7","recoVJRxHri0SSUeW, rec55xs6CLzO0kEQK",11350,Thu 01/29 10:00pm,recycCZ3pUWviXsCV,rec7nS4AVRkbfrjkd,https://v5.airtableusercontent.com/v3/u/57/57/1790683200000/p2g2xY3h8IGJF1uxmQdfQw/icYUPqA6S4sB1hb4ffKPDb-lvZMsHxtCbLhsf3PCAitQUOoSDnC739JllUJ2Uki4-emZyX0Q66aANsg6zlt2WMwXV5W4ijD1YYuQPsyoVH2PHaEr4opu0ef4IN3RDsduQrUJiQoveNEsAY8ihVx2L3rTzYhE4rRgCfV_c6IJ0-4/6YdHItgbuEmSektx3qc2Qkavhve9erjdo1zDf2WwtXw,FUC (PS2),10:00pm,2,Winner must keep character. Loser may switch.,True,"reccWm6WNfK0SjaDz, recnzNAWLSpaJmulW",0,0,3,3,08:00pm,"Fri 1/30, Sun 2/1",PS2,Confirmed,True,32,reci8uBHKzSLwcD1j,FUC,recxM5g6Y6bLkllHO,LegendaryBlueShirt,3 Hours,3 Hours,8 PM,recsnmM0N6emZ97dR,https://matcherino.com/tournaments/158918,2026-02-11T17:12:06.000Z,reca5R6jcnOHP5KAC,rec5Kqw4hZCyUXaHt,,"recIqZVU6I33q0lHU, recz3xMKZavp5LdkA, rectDK3SgGV0ePOpK, recB6FEm3OpzzEMJC, rec0q5kpxBnuVJnZo, reczDS88UKYTb3Hl7, recajiFo17iRjAUGM, recSj1slG5zYJnFwk",Collected,https://v5.airtableusercontent.com/v3/u/57/57/1790683200000/kFn-LPH_5z5dYcI7ifC9EQ/2YaFq_cs5NMSYt7I9SSN22ZkfxPpxlyLmFXFSReQweWczbZ1nRmIqUeRP_ql8y3hRGCy2we6yzX7WrRa5w1Af-ne72EdZ-5kvvH5Hmb59bEiisNY_FMqn4gD2OfLrLt1iZv3EP_KEytqIL2z9jMvAapzq42txEgp3R4VQbAOjvn_qWOD2rBcTlYIq8LUWzXZwsoI-TqLE_G0dyCz-aQWYw/q59cNoZEbcVo3kQG81qLPzfVaekKOg7CqskY0c-HW7E,FUC,recwkWKMNrkMvzVF5,https://matcherino.com/tournaments/158918/admin/general,1,Double Elimination,https://twitch.tv/ugsgaming,,Thu 10pm,0,https://www.start.gg/tournament/vortex-gallery-at-frosty-faustings-xviii-2026/event/fate-unlimited-codes,112.5,,918faf16,https://matcherino.com/tournaments/158918,5,Thu 01/29 08:00pm,recWxBIn9RTtRhcPJ,FUC%20%28PS2%29,1402962,1st Lineup,recoVJRxHri0SSUeW,"None, UGS",True,"3/5 Games for Losers Finals, 3/5 Games for Winners Finals, 3/5 Games for Grand Finals","Bartender,Aaron Curry","recwSarOpP5xB5RZO, reclac9DidNZheYvF",2/3,"@BartenderFGC, @AaronCurry_",918faf16,FUC,FUC,"https://www.start.gg/admin/tournament/vortex-gallery-at-frosty-faustings-xviii-2026/attendees?page=1&filter=%7B""eventIds""%3A%5B1402962%5D%7D",60/30/10,80,1,Thu 1/29,omega_black,"1769738400, 1769745600",✓ Personal contribution,100,omega_black,recsnmM0N6emZ97dR,"Games will be played in arcade mode, so as to provide random stage selection and automatic enforcement of character switch rules.",,,"If a stage bounds glitch occurs, the players can attempt to perform game actions to resume normal play as they see fit, or pause the game immediately and call a TO over to make a determination.  In most cases the game will be reset and re-played.",,,,,,,,,,,
1,,Razeq,Fri 6pm,True,razeq8,True,,https://www.start.gg/admin/tournament/vortex-gallery-at-frosty-faustings-xviii-2026/brackets/1465726,"rec9Y7Sb447xHbfsL, rec1DxcAgQkHkEbek, recjSPa0CNsphLyBv",Garou: Mark of the Wolves (MiSTer),https://twitch.tv/matchstickmelee,21,,https://topinfinity.org/?game=10838&event=1465726&theme=vgffxviii&teams=0,Fri,0.5,@RazeqFGC,Garou MotW,True,True,"@matchstickmelee, @StoveFGC",105,Fri,2025-09-20T05:39:32.000Z,https://vortexgallery.moe/info#MOTW,,Garou: Mark of the Wolves,21 / 48,"datboijuiceTV (he/him), OnlyJoey (he/him)",4,reclSRheSUmlMa9vZ,razeq8#1059437,1,"recdyNtguFXG0kphd, recxiqRRfM9Kq5ng5",recxMC4P6LO0TmJ5y,0,True,44%,2/3,https://v5.airtableusercontent.com/v3/u/57/57/1790683200000/pxj6TycBkofZIjwvO9227g/MDBHXSpR04F-osE0sLo2SxyiA1h9aGXKDZe_7xwqNCWENr45hcgmlEJkpNClhwPliYs8eBwfmujL94VFEg-aJXiYjwQt67cMwTRet1q0xNsxUGDBnqrvhiJImYopdXQttH7hbXMXPAXSGDOWFdvr5Q/VMXz3bVQ90BeJgh28pqVuUgKnSPBmNck--YBi7Xs4ak,True,https://www.start.gg/tournament/vortex-gallery-at-frosty-faustings-xviii-2026/event/garou-mark-of-the-wolves,3,2,09:00pm,,None,https://drive.google.com/uc?id=13_y0wsXHo6FxhhrQbJyfGvfOOWtp84KI,"recmnT1Qzn2PwXVeZ, rec5N1Ci7D5j2Bm0t","recx3SfMidt0RaGbZ, recMDQnAfstD5vXEJ",10838,Fri 01/30 09:00pm,,rec8t2W0sNc6NUJCR,https://v5.airtableusercontent.com/v3/u/57/57/1790683200000/6bmcvYiGYjh2X7ArsvFBkw/5EEMvwZCHv6geEHFAlOaf8UvWj8qCBEBexRZGV2R0eLj4q0d0DjifjHxmmlETpTWcuSCxi6HOawItohu2z-D3lQzRv2K2kluZGdu0HJfCCkplUlQVVx7FYUurtIPhKX6I3sGESXRRnLffY99O-3isVFOvbPNcoxcTE5mcsWWwgc/7Go-mtjNMrz9fFRLA9DaSl-RJ_UEy9QLvSokcD987pY,MOTW (MiSTer),09:00pm,2,Winner must keep character. Loser may switch.,True,"recRbbqvOu3CdSKXN, receoe3QJPXiZdFjg",0,0,4,3,06:00pm,Thu 1/29,MiSTer,Confirmed,True,48,rectP0Rpp5zSgUkfo,Garou MOTW,recSlkPWpwBCb34ia,Razeq,3 Hours,4 Hours,6 PM,"reczHx53UUGVoUR2v, recxnuZurjz5YZJ6F",https://matcherino.com/tournaments/158924,2026-02-06T07:13:20.000Z,recxMC4P6LO0TmJ5y,recEBjKhcHJJcz2Vm,,"recRKGwlwSx6b1zuB, recH84BWaSNV0gVMV, recXZXXGdI3vHEGx3, recw530tLLCMks9YF, rec8CBstcHi0vBfyX, recTzlKuLnVx5n60b, recZd0uwNLqTlsWaM, recf6SOEfaX9WdbH4",Collected,,Garou MOTW,recsjzSn9OyxGku3g,https://matcherino.com/tournaments/158924/admin/general,1,Double Elimination,https://twitch.tv/matchstickmelee,,Fri 9pm,0,https://www.start.gg/tournament/vortex-gallery-at-frosty-faustings-xviii-2026/event/garou-mark-of-the-wolves,12.5,,1d42a0b7,https://matcherino.com/tournaments/158924,5,Fri 01/30 06:00pm,recUTdC6IMXXWxnzE,MOTW%20%28MiSTer%29,1465726,1st Lineup,recx3SfMidt0RaGbZ,"None, MM",True,3/5 Games for Grand Finals,"datboijuiceTV,OnlyJoey","recArWegKoDSPuCZE, recot9Z3qqXGv5m5o",2/3,"@datboijuiceTV, OnlyJoeyfgc",1d42a0b7,Garou,MOTW,"https://www.start.gg/admin/tournament/vortex-gallery-at-frosty-faustings-xviii-2026/attendees?page=1&filter=%7B""eventIds""%3A%5B1465726%5D%7D",60/30/10,105,1,Fri 1/30,"ATLRiot,Nipperman","1769817600, 1769828400",,,,,,MiSter Neogeo BIOS/Rom for Garou Mark of the Wolves,,,"MiSTer only allows 1 ""macro"" button combination. Please ask TO's for assistance if you need help binding it.",,,,recAxfXefd9aP0G99,,,,,,
1,,vikarus,Sat 11am,True,vikarus,True,,https://www.start.gg/admin/tournament/vortex-gallery-at-frosty-faustings-xviii-2026/brackets/1402972,"reczRNn0R4QJjUNih, recwyGnFwmlHKRPJy, rec6XwhyPKalb9EnD, recoQQqce7S2KimX7",Idol Showdown (Steam),https://twitch.tv/ugsgaming,31,,https://topinfinity.org/?game=53572&event=1402972&theme=vgffxviii&teams=0,Sat,1,@icarus_vikarus,Idol Showdown,True,True,"@AJ34_SSB, Polaroidprod",155,Sat,2025-09-20T05:30:37.000Z,https://vortexgallery.moe/info#IDOLS,,Idol Showdown,31 / 64,"Slimjim8345 (he/him), Tobiki (he/him), Crackin Atkins (he/him)",4,rec40iHgIN83GL6ti,vikarus#1129495,1,"rec4YUZTtZwmLMcRv, recDogPoGcBQNH7ow",reca5R6jcnOHP5KAC,0,True,48%,2/3,https://v5.airtableusercontent.com/v3/u/57/57/1790683200000/XpHzbl6izjTfZJGAnTFl2w/aalCa-AwrB3lfkbVlsfi-XIl0bgK15f1P5eIoNJnvdUKwyIL4DPyiV5LaiIoqr2-RHJR_8wi3TaOASG1GM53NujHtdZjXB5rCXMM9q9nigEjjnkudAsCKBBSIn6Qc7h3dGhc5Z35KdE8v8TSlv6-PA/NdSNYcMsXW9PbrhK7x-5CglTYfJzStAD30I0QdD783E,True,https://www.start.gg/tournament/vortex-gallery-at-frosty-faustings-xviii-2026/event/idol-showdown-next-fes,4,4,01:00pm,,None,https://drive.google.com/uc?id=1cpyqiCymG6ISeJ4ghOGkzNKEFGIUez-m,"receiAoxqO4G3SiqQ, recw9oSelmcLOmRPW","recwnNUhHGQ0qTIRv, recacJgnp2qhLOIqP",53572,Sat 01/31 01:00pm,recjVVesobRPkHvBp,recpNMxDIZS9GnbYQ,https://v5.airtableusercontent.com/v3/u/57/57/1790683200000/XmAfir18pSfRlmPrWroT1A/RbMXbAH4P5WwByfZUDBxnMMvsei4obcvKRyufDup_AEXSYC31yQAprzPnQiWC2kjO-p2i97o5s9LzZgnaSYNrEMwWUDq3ZOjEEiOYKKciju2IWna6qRaGr1bCPWsylK_02CyVJj4m7ymQPZi2wph9WhNVAOEX7G4iYre2vCnnwM/PxFfALey5dvVy_J5AmxkeC8fstsDnxgC7-44oxFGDt8,IDOLS (Steam),01:00pm,3,Winner must keep character. Loser may switch.,True,"recKGkE7tkBpabosA, recL2XO5IPDAPFvan, rec2OiHu4MQoX7gUP",0,0,3,4,11:00am,"Fri 1/30, Sun 2/1",Steam,Confirmed,True,64,recZlGwHYCQoOeJrt,Idols,rec4ewcIiMJQrzVro,vikarus,3 Hours,3 Hours,11 AM,recKGkE7tkBpabosA,https://matcherino.com/tournaments/158919,2026-02-10T18:46:43.000Z,reca5R6jcnOHP5KAC,recrVxvOU0vHlWg9l,,"recf3xO4a8gJHJ8Am, recuDmfKXtyRAsMTx, recG3B2oxutXSEg3r, recKpxYbCCMxxgAMF, recxKhhLGVOwCdL6D, recxlbJuOVyQ0VvIy, recnlnOen7dWEymN1, recDDWn0uS5iMtMyR",Collected,https://v5.airtableusercontent.com/v3/u/57/57/1790683200000/P7yYEJLAF8Rh8y7BIyqS8Q/DB6RQIEV4ptZwvq2QfPe6CRBerh6Y-pCUt1NJQnOYOo3t6JzyRkVWjVOtSK6ly21NDmCE2cBd67IfVIEaG2I_-zjh8wm0K2t2NPYi7goqAiPE3qCbZne_FpZg2SnbA8N7WwvmGNmMSnWUfuj14Uf81iQ9_ajFPm58Cki_SVVMEs/fBJ3k3q91qj_cx42jzGK6UawGN95R8We4q2MYIuWhyg,Idols,recWhY5XqcZagROcT,https://matcherino.com/tournaments/158919/admin/general,1,Double Elimination,https://twitch.tv/ugsgaming,,Sat 1pm,,https://www.start.gg/tournament/vortex-gallery-at-frosty-faustings-xviii-2026/event/idol-showdown-next-fes,309,,fa3c3bd2,https://matcherino.com/tournaments/158919,5,Sat 01/31 11:00am,rec8jNznLiPp7XCI7,IDOLS%20%28Steam%29,1402972,1st Lineup,recwnNUhHGQ0qTIRv,"None, UGS",True,"3/5 Games for Losers Finals, 3/5 Games for Grand Finals, 3/5 Games for Winners Finals","Slimjim8345,Tobiki,Crackin Atkins","recwSarOpP5xB5RZO, reclac9DidNZheYvF",2/3,"@slimjim8345, @Tobiikii, @CrackinAtkins | ‪@crackinatkins.plusframes.gg‬",fa3c3bd2,Idols,IDOLS,"https://www.start.gg/admin/tournament/vortex-gallery-at-frosty-faustings-xviii-2026/attendees?page=1&filter=%7B""eventIds""%3A%5B1402972%5D%7D",50/25/15/10,155,1,Sat 1/31,Slimjim8345,"1769878800, 1769886000",✓ Developer pot bonus!,300,,,,,,,,,Thu 1/29,,,,,,,,
1,,BunniesFromHell,Sat 2pm,True,BunniesFromHell,True,"recPjzBvZUcJ1DQXK, recNJTExYS5denRgu",https://www.start.gg/admin/tournament/vortex-gallery-at-frosty-faustings-xviii-2026/brackets/1402963,"recll1j9WWb2whJur, recU9UQe4ofvyo7kv, recHdHCXRnW7iIBRg",Kamen Rider Super Climax Heroes (Dolphin),https://twitch.tv/ugsgaming,14,,https://topinfinity.org/?game=44288&event=1402963&theme=vgffxviii&teams=0,Sat,1,,Kamen Rider,True,True,,80,Sat,2025-09-20T05:30:52.000Z,https://vortexgallery.moe/info#KRSCH,,Kamen Rider Super Climax Heroes,14 / 32,"Crimefighter (any), HakethKOTB (he/him)",2,reckMlVP2DrY8hIGA,BunniesFromHell#722441,1,"rechClnAFo7pz6NhZ, recA3Wyf1HSxpy4CG",reca5R6jcnOHP5KAC,10,True,44%,2/3,https://v5.airtableusercontent.com/v3/u/57/57/1790683200000/t-IpYlJMi9zlx8yqyFySew/TuOKpxEhUHoXwKfv2-B94vAnbRv4vga_kbk1Cn8gMajypAFAVByjWoRYFjwpiHSZuUkHkFGnuFdpnEbsJo4vp9wBgsEd5XAKcCVr2HePADCUwyAgRnePUR0Kc1NNm7RYE8agXywv5plCnUUEeFsSL-faVKFPp0HB4-m-YR1HY-I/E6pOlUrX-tCre-q568AF0xtCS6nE4wUCg3XC7cqjCro,True,https://www.start.gg/tournament/vortex-gallery-at-frosty-faustings-xviii-2026/event/kamen-rider-super-climax-heroes,3,2,04:00pm,,None,https://drive.google.com/uc?id=1X6SL_hQiJhXT9Zah1rpI7qwHtDwYVK3o,"recndBfPH4qEx11nb, rec5RcI4o1IJYDLYB","reczvJ0gp1CjLxSSW, recmLoNS945v7Aqku",44288,Sat 01/31 05:00pm,"recwfLyUq41ggwiR4, recKrgNv5IQHL4Xaq",recSYghGcOuoGpv1g,https://v5.airtableusercontent.com/v3/u/57/57/1790683200000/DyGsiYbNBNB8XgKxnfqyGQ/x3yIMBBL73Q9fah_3kn5MWljkdNVIPVVYHVsE-SN7g3CbU6v-kXsgfSUakloZSgIlgM7ir8wN7MEyc0h7xiYxMcCrT0MK5-w76yoLFvEiZS1CcIAXSfttgJ_r5aVra4oK1uJl1tf63Q_9H9h-z8Vd8GT8rw-Jz0ThlehKZShtl4/pogBdGBn0_x0vYPoJBXY5JyzJxpJcnt1j7GG6JfKUMw,KRSCH (Dolphin),05:00pm,2,Winner must keep character. Loser may switch.,True,"rec1k29PIODFrgUjb, recSxhiHCT7rsdz6M",0,0,3,3,02:00pm,"Thu 1/29, Sat 1/31, Sun 2/1",Dolphin,Confirmed,True,32,recGBJgB9TCcM7mDd,Kamen Rider,recc1R601zaPiqTlM,BunniesFromHell,4 Hours,3 Hours,2 PM,rec1k29PIODFrgUjb,https://matcherino.com/tournaments/158921,2026-02-10T18:51:24.000Z,reca5R6jcnOHP5KAC,rec7jZqC0Ldax9XNP,,"recEvnISY3LWxp3h2, rec0jW57RuqO7U5fR, rec9YuacG9TEtrvsB, recSQzFr2WudiiN6S, recIOxurZuPuxnufZ, recsOZxqh0Ryrc1H6, recCTTrDApmPmt27P, recLdRUzWUZJZr2h9",Collected,https://v5.airtableusercontent.com/v3/u/57/57/1790683200000/0qqysHiNmtu68sCzlU4mCg/qkxpXTJn5sNFUGfAQt4eHzHefG4MPvtqN8DMzuttQcSY9ICz5XHJwT5UwO9ZV5bs5TqSXUvYVDhn8XjO6fJrh3yKhqn2z32TjYnfJnPVN8uVvyg4RxVFP8iPRjlPC1R10Po8K3ZZdfJy50P72Ov9AA/z5MWt1pVwoD8uYrpR6RMYEGrq7GHfLb4hIfoW3T98a0,Kamen Rider,recq7ToNtgJh2wxEw,https://matcherino.com/tournaments/158921/admin/general,1,Double Elimination,https://twitch.tv/ugsgaming,,Sat 5pm,0,https://www.start.gg/tournament/vortex-gallery-at-frosty-faustings-xviii-2026/event/kamen-rider-super-climax-heroes,112.5,,0f81bc23,https://matcherino.com/tournaments/158921,5,Sat 01/31 02:00pm,reckPuSVPoG8F4Jf3,KRSCH%20%28Dolphin%29,1402963,1st Lineup,reczvJ0gp1CjLxSSW,"None, UGS",True,"3/5 Games for Losers Finals, 3/5 Games for Winners Finals, 3/5 Games for Grand Finals","Crimefighter,HakethKOTB",,2/3,"@crimefighter.bsky.social, @hakethkotb.bsky.social",0f81bc23,KRSCH,KRSCH,"https://www.start.gg/admin/tournament/vortex-gallery-at-frosty-faustings-xviii-2026/attendees?page=1&filter=%7B""eventIds""%3A%5B1402963%5D%7D",70/20/10,70,1,Sat 1/31,Crimefighter,"1769889600, 1769900400",,,,,"Time: 90 seconds
Damage: Normal
Climax Time: On
Final Reflect: On","just dolphin and the game, both of which i'll be able to provide",,"The Finisher Mode Throw Cancel bug is banned.

Any bug that causes a character to disappear or otherwise causes the match to become unplayable is banned.

Combo follow-ups after attacks that disable the opponent's burst are banned.
    This affects Kabuto, Den-O (PWR), Fourze (Meteor Fusion States), Fourze (Astroswitches), OOO (Burakawani), and Kiva.
        A Kiva Rider Art which does not complete must be immediately followed up with 5S.
    This does not affect Kuuga (PWR) or Imperer, as their relevant cinematics (Ultimate Kuuga's Rider Art and Imperer's Rider Finale) do not disable burst.

Zeronos may not transform between Vega Form and Zero Form, and vice versa.
    If Zeronos transforms from Vega to Zero or vice versa, then the player must immediately transform back to Altair Form.

Decade (FMC) and Fourze (Elek/Fire States) are not allowed to use Form Change 3 times (or more) within the span of 2 seconds.","Banned Characters: Faiz (SPD), W LunaTrigger (FMC), Wizard Hurricane Style (FMC), Fourze (SPT), Fourze (Astroswitches), Skull, Agito (SPT), Den-O (SPT + Gun Form), Den-O (PWR + Gun Form), Garren, Drake, Blade (Jack Form)

Tag Battle Style is banned, except when used to choose Fourze Meteor Fusion States.

This tournament will be played on the community's Stage Patch, which replaces banned stages and expands the stage selection. No other gameplay changes are made in the Stage Patch.
The first game of a set is always played on a random stage.
The loser of the previous game in a set manually selects the stage.

Both players must simultaneously announce which character they want to play upon entering Character Select. If both players wish to play the same character, play RPS to decide who gets to pick that character — loser must pick another character. In the event that RPS is not feasible, another method, such as coin flip or dice call, will be used instead.
    The winning player of a game must pick the character they won the previous game with, but is allowed to change Style. The losing player may opt to pick a different character, as well as a different stage should they choose to do so. The losing player may opt to pick the winner’s character going into the next game. In the event of this, both players play RPS (or a suitable alternative).
        If the initiating player wins this game of RPS, the defending player must pick a new character, but the initiating player forfeits their right to pick the stage to the defending player. If the initiating player loses the game of RPS, they forfeit the right to pick a new character, and the defending player selects the stage.",,,,,,,,,,
1,,BlackDiamondGMZ,Thu 6pm,True,Itsloosey,True,,https://www.start.gg/admin/tournament/vortex-gallery-at-frosty-faustings-xviii-2026/brackets/1471145,"recjLmTXwYIWpyHhu, recJydsh3rhxb9MWN, recxNaPjCcDPlEKxF, reciJIn2qYWCVLNKj, recImf3rlA4uywtXC, recyZ0eFfp43MMtfJ, rec4eu7bSNDwLFbqB",Killer Instinct (XS),https://twitch.tv/matchstickmelee,32,,https://topinfinity.org/?game=19&event=1471145&theme=vgffxviii&teams=0,Thu,1,BlackDiamondGMZ,Killer Instinct,True,True,"@matchstickmelee, @StoveFGC",320,Thu,2025-09-29T22:09:25.000Z,https://vortexgallery.moe/info#KI,,Killer Instinct,32 / 48,"Ovis (he/him, they/them), datboijuiceTV (he/him)",6,recEyFaZlEs0uaAiK,BlackDiamondGMZ#1092992,1,"recNd1vXndgy7d4U4, recFG7s2IobFIBCWW",recxMC4P6LO0TmJ5y,0,True,67%,2/3,https://v5.airtableusercontent.com/v3/u/57/57/1790683200000/quITvCRAAGOMXR1dsYnhoQ/_FIuEWGf3Oa-R6T2ZO8hs1VHd_H6GBOJCXipddWke28PE6s0sBpvcJsj0PZFA_nXEJOo73c9I3R7sK29HRrYcr2j6M8bQ_-zQzTIns6gKvv3OoAiISAwTNuZNPGHOUUmI03CasGIE7WELYRjfpMG-eBs0F7l912aDs2M9tmfRRvtUsyvytPTj3Kq6AVitcHK5jPZu7dJ6KE6RwVwXFeXGw/j-JxEkanffNo6Sr3DRcb2lj50MWcJy9HAAXH0AE2k38,True,https://www.start.gg/tournament/vortex-gallery-at-frosty-faustings-xviii-2026/event/killer-instinct,7,6,08:00pm,,None,https://drive.google.com/uc?id=1Mgo5O1o3LwHeNtYuMvlqiX8AOpXV7MH3,"rec66dZG0u2rnghk1, reca0tZ5arAEZ6V61","recHqz6HccB7WNWEZ, recoVJRxHri0SSUeW",19,Thu 01/29 08:00pm,,recQD2OxIbhL3Cfoq,https://v5.airtableusercontent.com/v3/u/57/57/1790683200000/sDCvtS27QiejohWsMqvjHg/zO2e956ShbolrQHEXVK19KBJc-aLKIun3pCVYTHE1esClLs5ofDTlLSwyHyQKx3sh_JKyx4AU_S_Q7b3g7pnK4siuKAcEO01NotnRWOb9KSZesggTpZQM2oRT08yf5gx3g8g8so1wdD3xsiqYfY73z8iFupKuV72N4aO69wtqE4/0dHie0Q-nyK0dW5Nkwbb3Ujdn0ykOCgppxGsmyJ5jDI,KI (XS),08:00pm,2,Winner must keep character. Loser may switch.,True,"recLTAS54z1W8WA5O, recRbbqvOu3CdSKXN",0,0,4,3,06:00pm,,XS,Confirmed,True,48,recApnK8q8mHbhAr6,KI,rec1484uiKt1DnpwV,BlackDiamondGMZ ,4 Hours,4 Hours,7 PM,recR8gv4RtyJhA61c,https://matcherino.com/tournaments/158943,2026-02-06T03:26:32.000Z,recxMC4P6LO0TmJ5y,recIi8HNqAwjHtGa5,,"recv1zBMY1bdkfrb4, recun2zU1sfBczvfo, rec6VfMJ0X2rzWSzL, recGDjCzR4qzPhLiE, recNLUSmaXpiQx6tc, recLqBWLewK1U1urr, recvY0VqnAzrrBsNM, rec2ZX4Srs4OdIPTe",Collected,https://v5.airtableusercontent.com/v3/u/57/57/1790683200000/UqLixXICUMEUcKiEPRkJ4w/fR-7z98jCDWUbPLnA4pRjIN9j_AMYKxsDXuu2zrPFiGK_kuJQMRVb3N83qvUxHfXdBSlcdCioX59DeFgYoOszgJrzQyKyo-NHC0Y7-cr1STAMT6kHG6390YiY41HJnQqsWcXp5oV2zVh4R0Nc1HEPqPIbVtifRAbqEpDa3azIchBr0Ba0gwkUvSi5gJBJ5AB/M1LCqfvt6TfaQyxWr_zGfOvf_6p4GinkgMaKqK7VNlw,KI,recpjTmgVGJDyGU1N,https://matcherino.com/tournaments/158943/admin/general,1,Double Elimination,https://twitch.tv/matchstickmelee,,Thu 8pm,0,https://www.start.gg/tournament/vortex-gallery-at-frosty-faustings-xviii-2026/event/killer-instinct,17.5,,2fc653a4,https://matcherino.com/tournaments/158943,10,Thu 01/29 06:00pm,recaJnpXMl4cnPt3z,KI%20%28XS%29,1471145,1st Lineup,recHqz6HccB7WNWEZ,"None, MM",True,"3/5 Games for Winners Finals, 3/5 Games for Losers Finals, 3/5 Games for Grand Finals","Ovis,datboijuiceTV","recArWegKoDSPuCZE, recot9Z3qqXGv5m5o",3/5,"@ovis.cool, @datboijuiceTV",2fc653a4,KI,KI,"https://www.start.gg/admin/tournament/vortex-gallery-at-frosty-faustings-xviii-2026/attendees?page=1&filter=%7B""eventIds""%3A%5B1471145%5D%7D",70/20/10,320,1,Thu 1/29,VXVX,"1769731200, 1769738400",,,,,,,,,,,,,,,,,,,
1,,fishtrabs,Sat 4pm,True,fishtrabs,True,,https://www.start.gg/admin/tournament/vortex-gallery-at-frosty-faustings-xviii-2026/brackets/1492690,"recXi3jZ0EzLrfXAe, recTflKsVgTDA1xFw, recsvtMgZW22eYorq, recvxKMGXDWpgfKAn",Kinnikuman Muscle Grand Prix 2 (PS2),https://twitch.tv/ugsgaming,13,,https://topinfinity.org/?game=45396&event=1492690&theme=vgffxviii&teams=0,Sat,0.6666666666666666,@fishtrabs,KMGP2,True,True,"@AJ34_SSB, Polaroidprod",65,Sat,2025-10-14T03:12:59.000Z,https://vortexgallery.moe/info#KMGP2,,Kinnikuman Muscle Grand Prix 2,13 / 32,"DoctorSc1ence (he/him), PolarBair (he/him)",3,recgAUiDbSsWNARYO,fishtrabs#962924,1,"reca70ockq2zoHBMh, recfjkZiI6x95JL4K",reca5R6jcnOHP5KAC,0,True,41%,2/3,https://v5.airtableusercontent.com/v3/u/57/57/1790683200000/Yvz3pP8z4_TTMANBtq5BOw/9OzhRSeeu6ncHV2f0S4ITUYeB3EbcfBOLhPcYRTar7Lr74gy2miCS7OhS90OhtEvWJi7XEGhsVC0EiN8cZ9CazSbeA1LG6WazVnK9Ch7_yp639N4viw8l4ruMBepiQGWP4SaHtvVKoKR2SUOn6hP4h0M5HMkIKh-4VbTVpPVMpkcfLN70ZnDGKCprDVDnkUa/bD8VV9eScILhTjfM13FDoWE0fojBWyLjZ3as0S3Wro4,True,https://www.start.gg/tournament/vortex-gallery-at-frosty-faustings-xviii-2026/event/kinnikuman-muscle-grand-prix-2,4,2,06:00pm,,None,https://drive.google.com/uc?id=1IuzeJaa78XQtXuSQAIHxeFrGDwHO0L6k,"rec87uH3GmU7VvRaE, recYeUbFVTxITXuBZ","reccFir5SNodTsvLO, recHufpLyCJR64Tno",45396,Sat 01/31 06:00pm,rec0u9jJDQ9JYJ11M,recz6ingeQ8JVPlpM,https://v5.airtableusercontent.com/v3/u/57/57/1790683200000/181HZ_HHf5Jy5DcRf5dlZw/xl5khn0czhJGuNdD8nTOOKD7IJcFxdqQyzopEV8NsUTWzpNFzYpjH5b1uy69vGvTFIqSHSg4epUvtpIMx7OwBJ4tOSVQ2sk25PrEoRqoXaWrAiY6z2R_xgqXbD0PzA1WG5WzAjFJhhSylYKPWc1q_4t6-oYxa3upyfPxAlG1GqE/3XYF8Y4lQ6BQ58mwJ7eG7QAlAU3WTQBlYNx4blaCALM,KMGP2 (PS2),06:00pm,2,Winner must keep character. Loser may switch.,True,"recNoFPqTpKzeIXRe, rec84evYJFMyISq4f",0,0,3,3,04:00pm,"Fri 1/30, Sun 2/1",PS2,Confirmed,True,32,recXthAmd6me73z0x,KMGP2,recFr2BcRXld63Jpq,fishtrabs,3 Hours,3 Hours,4 PM,,https://matcherino.com/tournaments/158944,2026-02-10T18:57:16.000Z,reca5R6jcnOHP5KAC,recEhgUIhYNVROpLx,,"recrfPLDeOwYfsHL3, recP4KOkyd4wyooPy, recitkB0tosfvLp52, recUYv126oJE1zSop, rec5flWgRJ8o0znLF, recz12Na78wtIniv2, recFGTcqyWmC3TiJ1, reczJ9Htm5yuzq07P",Collected,https://v5.airtableusercontent.com/v3/u/57/57/1790683200000/m_6Y4W45DhH3AGoZ5RpAWQ/cRd-AJcpMOX3TyBPUqYIszPRLqR8w6akIZGJI7cAwDVo3QVIWKut_c6Ttn0Tyi1KF7NtJnHHwexbE_y28M93k4_UQxEIM-9OTwXSSwfgNANIkAC1XabQclytKiXsLy3_DXDD4A4We5Du5NwGJdRN_cqOxDTN7-taSKvX7qlQtuY/iyCqIyGwTuhMJEL55sVSBUs8MprlUhF3BOEeVu9g7Do,KMGP2,recwkWKMNrkMvzVF5,https://matcherino.com/tournaments/158944/admin/general,1,Double Elimination,https://twitch.tv/ugsgaming,,Sat 6pm,,https://www.start.gg/tournament/vortex-gallery-at-frosty-faustings-xviii-2026/event/kinnikuman-muscle-grand-prix-2,12.25,,524527c4,https://matcherino.com/tournaments/158944,5,Sat 01/31 04:00pm,recCvlK4yA5t0lJwl,KMGP2%20%28PS2%29,1492690,2nd Lineup,reccFir5SNodTsvLO,"None, UGS",True,"3/5 Games for Losers Finals, 3/5 Games for Winners Finals, 3/5 Games for Grand Finals","DoctorSc1ence,PolarBair","recwSarOpP5xB5RZO, reclac9DidNZheYvF",2/3,https://bsky.app/profile/polarbair.neocities.org,524527c4,KMGP2,KMGP2,"https://www.start.gg/admin/tournament/vortex-gallery-at-frosty-faustings-xviii-2026/attendees?page=1&filter=%7B""eventIds""%3A%5B1492690%5D%7D",70/20/10,65,1,Sat 1/31,,"1769896800, 1769904000",,,,,,,,,"Switching KKD type is permitted after a win or a loss.
Picking Terryman's ""2nd Kinnikuman Great"" color is heavily discouraged for recorded/streamed matches.",,,,,,,,,,
1,,OmniRabbit,Thu 7pm,True,omnirarab,True,"rec5nHPss3P4Xqbq8, recSL0ZN9FzvuP3US, recAH1HatqcAlvZsk",https://www.start.gg/admin/tournament/vortex-gallery-at-frosty-faustings-xviii-2026/brackets/1465723,"recRtN3w6gOFadX0V, recyYxeNmJ7p6LaHc, recBhiiKs9V4Yj7zg",Koihime Enbu RyoRaiRai (PS4),https://twitch.tv/vampirearcadia,24,,https://topinfinity.org/?game=22404&event=1465723&theme=vgffxviii&teams=0,Thu,1.5,@omnirabbit.bsky.social,Koihime,True,True,"@ailerus.vampirearcadia.com, @MiniMaww, @2Old2Furious",125,Thu,2025-09-20T05:40:07.000Z,https://vortexgallery.moe/info#KOIHIME,,Koihime Enbu RyoRaiRai,24 / 64,"Brett n/a, Chrono Sanaki (he/him)",2,recSCaKCJRhBNgEvq,Vinushika#464104,1,"recsM2g9qdejQvClO, recrhbft2rZT4gotH",recgF4EUwg1yzChkK,5,True,38%,2/3,https://v5.airtableusercontent.com/v3/u/57/57/1790683200000/hzt5fdqmWwjmXL83G8NUug/SZkhl6HfFNX-jiQ2bu_KGQzXKcc_vkVWKIhZ-RZ2KcHE5aebmhdYQjucUrKe01azsoszdKpVnQh7s5JrXJu1mGIJz3oxJgNFuPFHjXC77Ajpvv109SZ6FDFthpcktwN1e53eFtkvxR898gn8vTdPrA/Aj2q_6zOV-F5lllW47kedZd3ba9UY4-ZbWov9JNy9Rs,True,https://www.start.gg/tournament/vortex-gallery-at-frosty-faustings-xviii-2026/event/koihime-enbu-ryorairai-ver-3,3,3,09:00pm,,None,https://drive.google.com/uc?id=1ZtDiaXhGLiXPKrK41h_O9XuGu9R-Dm_v,"recChUXe2dfCYSS6x, recATY8SMj68QvQeH","recmoZFEVdoMfvqkH, recsDjIpWHWZ7LJxz",22404,Thu 01/29 09:00pm,recxYL3SOXexK1qKL,recrIiunpNpZcwWIe,https://v5.airtableusercontent.com/v3/u/57/57/1790683200000/JENhUVGsFYN-F5cqdk72IQ/xHTTX_nOp1BHTb0wXXZ0voHm3m5yarVD4ycA6MFMYcUhgRv5M-IEr_qq8ArYaF6Ze0uvmQfi3P2ikv-ZEOHKnBpd7hVPeeE2ZdojbX826xUYdHWrJ4SUeSE83MIdy7tXxmgoM8h7NxbaggipcZyUaMrynV0rH990L5eLTcWJJY8/hrp766dSb1FRGCH2z7LFa0XPVLnCs_8bpp1DySqzMJ8,KOIHIME (PS4),09:00pm,2,Winner must keep character. Loser may switch.,True,"rec3Q1Ui1Hsqnc760, recpdBbNorVCeDlKg",0,0,3,3,07:00pm,"Fri 1/30, Sat 1/31, Sun 2/1",PS4,Confirmed,True,64,recCn8zR1lrsUDOyh,Koihime,rec140KqZHe03opaK,OmniRabbit,3 Hours,3 Hours,6 PM,,https://matcherino.com/tournaments/158920,2026-02-06T03:26:06.000Z,recgF4EUwg1yzChkK,receJmgai31Cf6jOu,,"recoiEJ9VNodsLpUM, recx2udqY4zd89ibM, recKe2KvwR0MGfNPI, recQGj580PUoFAhqm, recrXPzzqhygtXKLB, recVHw8xhTzioEXEd, recNsMlfF40p57gNk, recFrsUvxopUtoh07",Collected,https://v5.airtableusercontent.com/v3/u/57/57/1790683200000/xO3OBKwakgnpn_fgZzP7mQ/_Qo_u_tGLjTGZEZTRXF7ejxdp2Y2LmWgUHNxX4bcdIlh7vN6WqaP0iEoUvFtZ5IIg_kipemBpV69zm_D11jIM7raCprOO3CT7Z1059JXB3ZhybQwR-EtNM3D-IKu-kpWP6oqjoyvDetQKdGWa00a3K4DjTExcMGGKbL_WFedZFh4ZvpnozBtWPahl9Bkd8Yq/F6Q_dy06ZUNEZ0BP7BYcQ_VxCAJ0rwqvGnUpFR0hVbg,Koihime,recV6irNLkHsWnj0B,https://matcherino.com/tournaments/158920/admin/general,1,Double Elimination,https://twitch.tv/vampirearcadia,,Thu 9pm,,https://www.start.gg/tournament/vortex-gallery-at-frosty-faustings-xviii-2026/event/koihime-enbu-ryorairai-ver-3,15.37,,b0a3efad,https://matcherino.com/tournaments/158920,5,Thu 01/29 07:00pm,recXOz4KtaHnHCxlc,KOIHIME%20%28PS4%29,1465723,1st Lineup,recmoZFEVdoMfvqkH,"None, VMP",True,"3/5 Games for Winners Finals, 3/5 Games for Losers Finals, 3/5 Games for Grand Finals","Brett,Chrono Sanaki","reccix2fmrQ7uugQL, recJGX00iZQRUWfbP, rect90KuvDv5ThUJu, rec5JVOb6iWui5a7G",2/3,"@HellaBrett, @ChronoSanaki",b0a3efad,Koihime,KOIHIME,"https://www.start.gg/admin/tournament/vortex-gallery-at-frosty-faustings-xviii-2026/attendees?page=1&filter=%7B""eventIds""%3A%5B1465723%5D%7D",50/30/20,120,1,Thu 1/29,,"1769734800, 1769742000",,,,,,"I expect to be able to provide all necessary PS4s. If for some reason we need to use a PC, it must have the separate Version 3 DLC purchased.",,,Winner may change assist if the loser changes character. Winner must keep same character.,,,,,,,,,,
1,,UG| Jako Man,Sat 2pm,True,ug_jakoman,True,,https://www.start.gg/admin/tournament/vortex-gallery-at-frosty-faustings-xviii-2026/brackets/1402966,"reci5WpalCdiL0XXT, recBw3wn48KXDf3M1, recuqFlzKL1JugIYd, recOTy7uwKvZ0JMHW",Marvel vs. Capcom: Infinite & Beyond (Steam),https://twitch.tv/matchstickmelee,10,,https://topinfinity.org/?game=288&event=1402966&theme=vgffxviii&teams=0,Sat,1,@TheJakoMan,MVCIB,True,True,,100,Sat,2025-09-20T05:30:41.000Z,https://vortexgallery.moe/info#MVCIB,,Marvel vs. Capcom: Infinite & Beyond,10 / 64,"DJVest (he/him), NM (he/him, they/them), D3v0 (he/him)",4,recWbb5JsXA668NMu,UG_JakoMan#532891,1,"recljW3R29VH3KcUo, recYFbGDrdnzxCfwT",recxMC4P6LO0TmJ5y,0,True,16%,N/A,https://v5.airtableusercontent.com/v3/u/57/57/1790683200000/dCtAy0cr3oPh_v90xvo9mg/KDxD8laDJMPNgY6tOGFCd9SLyjgodm8voUjXn37sIAkIUi2UC_JVlotgZ0RSO8O4PyOhFJO4MhCM99EEL6fvmNFOduzwlrMP64z6VL2tiEVROjw6hEwTEt69EogQhwaPD9qPN6nnDQaoZW3mnatBz4bITgkrsn-_qHfY6heiZlWw9TtqajJcPNu0-QCNjsqZ/sMBQCjMs-lZA66RL5YNXt848EYXSggCJMXWCwQrPvWA,True,https://www.start.gg/tournament/vortex-gallery-at-frosty-faustings-xviii-2026/event/marvel-vs-capcom-infinite-beyond,4,4,04:00pm,,None,https://drive.google.com/uc?id=1XjIOWUXBlmh9g6doRQ4Cx5Qpj9B4CJYB,"recrjszyXXhSS4BkK, rect5KeiTWBoMGurY","reczvJ0gp1CjLxSSW, recHufpLyCJR64Tno",288,Sat 01/31 06:00pm,,recAQ08rG8fhbY3KD,https://v5.airtableusercontent.com/v3/u/57/57/1790683200000/_5_Uo0qxWiObbov6a_YQpQ/vpjMh-D5XWoH7Zx_AWIl2mx1o6woo0QA4NBptM58hegmZdnhV07gqTHhQGCah5ywo5Hc1rGBwq29gRv0jyu1SwiXlhr9HJizlCrN2KNQf19uX71bXAoOGnBAL-t8uULk7bYYnJEzXFHU7RT2DqDd15qqQoP9C_nIagkEZbPMvY4/yG6pWyNvCZIF5LfOYyPTbyM6jArfBT4tDfcLnSCwAOo,MVCIB (Steam),06:00pm,3,Winner must keep character. Loser may switch.,True,"recL4olI8F4jslhNf, rec7C2UtrM54k4u46, rectq0YrAXNZnnk0Z",0,0,3,4,02:00pm,Sat 1/31,Steam,Confirmed,True,64,recm7NYLo1SBM1MO4,MVCIB,recbua01JSq2dWcPo,Jako Man,3 Hours,3 Hours,2 PM,recL4olI8F4jslhNf,https://matcherino.com/tournaments/158925,2026-02-06T03:26:32.000Z,recxMC4P6LO0TmJ5y,recWPNRa61ULjKpS8,,"recusW3FOReIHf4I8, rectI3SCWMZMbThnX, recRFKjKumjibG5sG, rechgswhNGbLzqnuE, recXVx8DjzSMEihwt, rec78s81UwDILKKec, recje7QkVLLc2f0ck, recDzDdleTJToPBZ3",Collected,https://v5.airtableusercontent.com/v3/u/57/57/1790683200000/BEdqId3eo4vEYV7Fxx_tZw/_dyQvMmAowQ6xwn4V2T2lQo9KED_tz2uM5AOI2Nb3wDUiOUAU33VavqbtPZouSITe_w8yYG8RtDFkkSUNW1FNYskvOqcBaru0o9vuvHmPq1P2tilnf8WObHDe6NafZPMOtZW0gAlwPavaGe29ePGir4gw-PJEZMxgwyCnXAHgLc/EokY6bbCofqR8m1e21hpTkn-66Y6YwexFX90lLB7Y2A,MVCIB,recWhY5XqcZagROcT,https://matcherino.com/tournaments/158925/admin/general,1,Double Elimination,https://twitch.tv/matchstickmelee,,Sat 6pm,0,https://www.start.gg/tournament/vortex-gallery-at-frosty-faustings-xviii-2026/event/marvel-vs-capcom-infinite-beyond,1282.5,,95563b45,https://matcherino.com/tournaments/158925,10,Sat 01/31 02:00pm,recGTiGtqlzWQ5zxW,MVCIB%20%28Steam%29,1402966,1st Lineup,reczvJ0gp1CjLxSSW,"None, MM",True,3/5 Games for Top 8,"DJVest,NM,D3v0",,3/5,"@DJ_Vest, @ninstar123, devo_mccoy",95563b45,MVCIB,MVCIB,"https://www.start.gg/admin/tournament/vortex-gallery-at-frosty-faustings-xviii-2026/attendees?page=1&filter=%7B""eventIds""%3A%5B1402966%5D%7D",50/25/15/10,100,1,Sat 1/31,DJVest,"1769889600, 1769904000",Yes. We will add in a pot bonus to be Matcherino page for it ,200,BLACKATLAS,rec4cnh9Ykzn1nj9n,,"Download the MVCI Beyond mod patch

https://www.mvcib.com",,None ,,,Thu 1/29,,,,,,,,
0,,Melissa Meant It,Thu 7pm,True,melissameantit,,"rec3pb4IjiUgyJpxy, recMRHWMDoUEXrAoe",https://www.start.gg/admin/tournament/vortex-gallery-at-frosty-faustings-xviii-2026/brackets/1472442,"recSr4wZ4ln7fOO0G, reco617xCKfs8vkTr, rec9A3PjaKAtXpO59, rec39iJOtMNoI2lUD, reccnNvFaf7JWXjFK, rec1zQ64OwH9b6ELu, recW74WaGTap2W9N7, recKNOLoRU7Hxk42e",Melty Blood Actress Again Current Code 2v2 (Caster),https://twitch.tv/vampirearcadia,13,,https://topinfinity.org/?game=22407&event=1472442&theme=vgffxviii&teams=1,Thu,1,@melissa.guiltygear.gay,Melty Blood AACC,True,True,"@ailerus.vampirearcadia.com, @MiniMaww, @2Old2Furious",140,Thu,2025-09-20T05:30:42.000Z,https://vortexgallery.moe/info#MBAACC,2v2,Melty Blood Actress Again Current Code,13 / ∞,"Cy (she/her, any), Kokuuga (they/them)",4,recLUzLbeHjHvr7mO,1066936,1,"recDSA0hkHTBBt3wL, recZe6hKKBlMucc77",recgF4EUwg1yzChkK,10,True,∞,2/3,https://v5.airtableusercontent.com/v3/u/57/57/1790683200000/oGEgaeCY6p5g1bBFxXmIDw/wU1Ag2Np2pYCdzAC8O5PehQPSmsAibkaIRbJGCDrf2PqJHADtGGVdYIh5sC92IDn1LISMNI2ffJLglH-b6ueqdYGPmJDECI-N_tiOpaDpksR7VH8h8rqPZVD1oKpQHIHzKuPcTPc9XNDChU0zopahsUzdAPVMzklNWi7E2XcXvKLh1m34VaqBBM6NCJZ7Qt2/UJidxoXp2gYiwa6SJIbvza8NhRpkfPJOl7rvXlNthqE,True,https://www.start.gg/tournament/vortex-gallery-at-frosty-faustings-xviii-2026/event/melty-blood-actress-again-current-code-2v2,8,4,09:00pm,"recNMeIuD7hsWb6n9, rec1sBjLdBpPtlOl0, recxKZ18LBKptnXVY, recm8DEK5JDSbsHck",None,https://drive.google.com/uc?id=1jD607MAl_xZo9UfkJDNPf92VHVXCnnpv,"recbhxJxlPhytyC2Q, recej8EUFwnHps0H3","recmoZFEVdoMfvqkH, recfVbsRNfHO4dY2N",22407,Thu 01/29 10:00pm,recmNHl1Q2vj1B9Ut,reci52riWUQtgRRhc,https://v5.airtableusercontent.com/v3/u/57/57/1790683200000/JnNf0LyKRtbjdRCcGym2WA/OfCD_Ms0XP67wzhNeDTZ5RfTgba9FrDUDmJEaTZMLMM3JS5z3jFBiQMNIpU5FaDq71XjLz9i5jOgBDjBvOmsxnyUP0rG0n_Wdzpp_hAXCNNTidGHgcnBEn-Xx5zrpiaXj66rVdT9_MvgrFER9M8YJzTeSgbDLSHX5qKpGD_NL5k/J-uubzbT_nYUKyAUMbepWFJ1jVWQ-2ydlIwc47MiuMo,MBAACC 2v2 (Caster),10:00pm,2,Winner must keep character. Loser may switch.,True,"recjFUqA3RIJhok6m, recgautovOmBiR2Tk",0,0,4,6,07:00pm,Fri 1/30,Caster,Confirmed,True,None,rec0E8RdNNEQ7sdsq,Melty Blood AACC 2v2,recEnGAiK6fkvlz8F,Melissa Meant It,4 Hours,4 Hours,7 PM,"recWMjAg0jE4Xi4yj, recvhetiNsDtf8zrg",https://matcherino.com/tournaments/158923,2026-02-06T03:26:32.000Z,recgF4EUwg1yzChkK,recfnkzm09A7qoRjb,,"recBdRiFygEWipWxO, recD2Nwpu76QP7082, rechW0odOiRluybRo, recjqfBnz8JyVp3pM, recjCEvNocEeTWsuc, recQ30SodNASxSD7L, recPQGT75lmj1TiL6, recwwjYlfZiEinBKA, recCY30COlsXjHBeB, recY88ESuhDcQpIv0, recBqmLlxDDWm4ehx, reczGawpQDg2kT2sL, recUJtcShBvT7AOFK, recR83thStMCbVMLl, recxDuhOxlSKnPgwl, reciqA0Qqv67ia2MU",Collected,,Melty Blood AACC,rec0BMfSyHemnsoYg,https://matcherino.com/tournaments/158923/admin/general,1,Double Elimination,https://twitch.tv/vampirearcadia,,Thu 10pm,,https://www.start.gg/tournament/vortex-gallery-at-frosty-faustings-xviii-2026/event/melty-blood-actress-again-current-code-2v2,71.75,,dc9dfac7,https://matcherino.com/tournaments/158923,10,Thu 01/29 07:00pm,recX8xlDilalhgxh1,MBAACC%202v2%20%28Caster%29,1472442,1st Lineup,recmoZFEVdoMfvqkH,"None, VMP",True,"3/5 Games for Losers Finals, 3/5 Games for Winners Finals, 3/5 Games for Grand Finals","Cy,Kokuuga","reccix2fmrQ7uugQL, recJGX00iZQRUWfbP, rect90KuvDv5ThUJu, rec5JVOb6iWui5a7G",2/3,"@Fershoe2, @k0kuuga",dc9dfac7,Melty Blood AACC,MBAACC,"https://www.start.gg/admin/tournament/vortex-gallery-at-frosty-faustings-xviii-2026/attendees?page=1&filter=%7B""eventIds""%3A%5B1472442%5D%7D",60/30/10,260,1,Thu 1/29,"thorntheletter,Inana/Meepster99","1769734800, 1769745600",,,"Inana/Meepster99,thorntheletter","recvhetiNsDtf8zrg, recWMjAg0jE4Xi4yj",,,,,"- Duo Characters are automatically disabled.
- Winners may switch moons, but not characters.","recUVvdHM5ZOTKH1S, receeOVLXNXXiIBwt",,,,,,"2v2 Caster DLL from Maddie's github: https://github.com/Meepster99/CCCaster/releases
Setups are from Thorn, we can use other setups if they are available. Having more setups to speed things up would be nice but we got by at CoN with just four over a few hours. Four hours is a worst case estimate, it'll realistically take closer to two. ",2,recCxOcPgZGUnratz,
1,,bulletprccf,Thu 7pm,,bulletprccf,True,,https://www.start.gg/admin/tournament/vortex-gallery-at-frosty-faustings-xviii-2026/brackets/1485750,,Mobile Suit Gundam Extreme VS Maxiboost ON 2v2 (PS4),https://twitch.tv/matchstickmelee,9,,https://topinfinity.org/?game=34129&event=1485750&theme=vgffxviii&teams=1,Thu,1,,Gundam EXVS MBON,,True,"@matchstickmelee, @StoveFGC",0,Thu,2025-09-20T05:41:21.000Z,https://vortexgallery.moe/info#MBON,2v2,Mobile Suit Gundam Extreme VS Maxiboost ON,9 / 12 Teams,,4,rechZXta9sR9FfqUt,Bulletprccf#839514,0,"recWFmeVL5g0R4gq0, recJThcu4i5ysPwef",recxMC4P6LO0TmJ5y,0,True,75%,N/A,https://v5.airtableusercontent.com/v3/u/57/57/1790683200000/xAKXYR_lO6_odxy3BS9cTQ/B-GWCx5EWHNjL4ekV7MzTIEFSVT1p9SUmau-4kf8n91CFwYqxODHalduFqtlFP6c4ctMWefLK-QAflYdhBEJxO-cCL-vzFDqvHDV0znXuWlteNayq6SZvgRpdtGKcAUTB8WE4O91zgB9bHflQaphohDA1F6PhwMREmTvaoVmE78/Qb4zmAHv3p7ph5kofy9YZYMeX4TIvGTNfEWTgsHpq8I,True,https://www.start.gg/tournament/vortex-gallery-at-frosty-faustings-xviii-2026/event/mobile-suit-gundam-extreme-vs-maxi-boost-on,0,4,10:00pm,,1,https://drive.google.com/uc?id=1qVDO74Bc75CNG7yB1Fcn-R0sKXMrB0i1,"recHIpdwzuSUJ9jyr, recJ496ibSvCtpHIA","recD0Um9dPoOjVplr, recfVbsRNfHO4dY2N",34129,Thu 01/29 10:00pm,,recqd7ZKrujHSYGJi,https://v5.airtableusercontent.com/v3/u/57/57/1790683200000/AlA6VnSYw5af1kgEJ-al5A/J6lKkaMqVtMzK2lax6-epOPUIu38nEwWjlREHL5Cm2Tak9g_5ZPd3HY-ta-tpsG1x_Ev85HZ3UARF48HHoz_jY6Jz0mroct38-hRUhdHcrIhbkx4ahO4zc8RYfQtJK3Y_JwcFxiyEr0Z1omgLWYD9A7mws-qyCUSf4RjGZH4aWQ/Xm2N26le0-gia9XHtyFOUWGozPsdQRip5TSNyQbT55g,MBON 2v2 (PS4),10:00pm,0,Winner must keep character. Loser may switch.,True,,0,0,5,0,07:00pm,Sun 2/1,PS4,Confirmed,True,12 Teams,rectB6XLpXQYjNQ5U,Gundam EXVS MBON 2v2,rec1PgLVM8h4TaBpy,Bulletprccf,3 Hours,5 Hours,7 PM,rechZXta9sR9FfqUt,N/A,2026-02-06T03:26:32.000Z,recxMC4P6LO0TmJ5y,recDoHcrZyjsRYFvO,,"recj4fubhvepM29DA, rec3QYAELJ1BXXqh1, recDJp69Y2FH0SeSV, rec0haihOnkqdNzBz, reckg8pBe9ItSHjVn, rec6zU9tngljipMHZ, recL64mOWVHdt7Swo, recsPL1AO3z4c0NGG",,https://v5.airtableusercontent.com/v3/u/57/57/1790683200000/2P4Rj2Hf4vs4b9SoicEraA/WBRgNaCfSk0-kjMKuthzDUB4jT90UGKs4cbc8QhCVn8vSRECKcTGxQhB8p4iwYkp7PX6H_8arnBBT6h0OpFe_bnxpi4WNk111tpJQj_H9HcCjkruzVDgCzVHggzdxViwQc8OEocIw_s70r1O1XiyTONdC2trF2_3UPo-Zy6Fq4I/7MXzd0MEcPtXrbXXiIFdITm7AH3NsV6gsAqA922PugY,Gundam EXVS MBON,recV6irNLkHsWnj0B,N/A/admin/general,1,Double Elimination,https://twitch.tv/matchstickmelee,,Thu 10pm,,https://www.start.gg/tournament/vortex-gallery-at-frosty-faustings-xviii-2026/event/mobile-suit-gundam-extreme-vs-maxi-boost-on,0,,eff5f4b5,N/A,0,Thu 01/29 07:00pm,recO9XIMxM8WR6IZZ,MBON%202v2%20%28PS4%29,1485750,2nd Lineup,recD0Um9dPoOjVplr,"None, MM",True,"3/5 Games for Losers Finals, 3/5 Games for Winners Finals, 3/5 Games for Top 8",,"recArWegKoDSPuCZE, recot9Z3qqXGv5m5o",2/3,,eff5f4b5,Gundam EXVS MBON,MBON,"https://www.start.gg/admin/tournament/vortex-gallery-at-frosty-faustings-xviii-2026/attendees?page=1&filter=%7B""eventIds""%3A%5B1485750%5D%7D",N/A,0,0,Thu 1/29,Bulletprccf,"1769734800, 1769745600",,,,,,,probably some gundam kits or merch -- TBA!,,,,"Fri 1/30, Sat 1/31",,,,,,2,recCxOcPgZGUnratz,waiting on bullet
1,,Cherry,Sun 11am,True,Chufuga,True,,https://www.start.gg/admin/tournament/vortex-gallery-at-frosty-faustings-xviii-2026/brackets/1402946,"recgI2RI9qOYWHUYl, recHIh4C4pSnWaQtW, recYbkXiuPxVodprd",Nickelodeon All-Star Brawl 2 (PC),https://twitch.tv/ugsgaming,17,,https://topinfinity.org/?game=49644&event=1402946&theme=vgffxviii&teams=0,Sun,1.25,@Cherrynasb,Nickelodeon All-Star Brawl,True,True,"@AJ34_SSB, Polaroidprod",85,Sun,2025-09-20T05:39:27.000Z,https://vortexgallery.moe/info#NASB2,,Nickelodeon All-Star Brawl 2,17 / 32,"Cherry (he/him, they/them), scooterdoops (they/them)",4,recgIP5tvLa0vBJ17,Cherry#772159,1,"recHl0CmiBmEN6fFl, recbIZYWQjdEYyyf4",reca5R6jcnOHP5KAC,0,True,53%,2/3,https://v5.airtableusercontent.com/v3/u/57/57/1790683200000/K4g9V4PU_bWF8Ck09N_rag/dhUQX2iFTFfb_J2Em4dkRCnwPUfsuAIYbY8qXRHAvx20sSvACqX76lWE2UQcsMo64FRipVz-lg0uzwScmaB9q-n_h1lL_GSKNEYaGq4Dkwd3pp04QG9EqWd0ui8w_2q5QE7jfNXKNlUFuC-I68B3NQ/-qOSnUKSVl968iw7zVi6K0Jc6DSoFde6_B5eLwTylyQ,True,https://www.start.gg/tournament/vortex-gallery-at-frosty-faustings-xviii-2026/event/nickelodeon-all-star-brawl-2,3,5,02:00pm,,None,https://drive.google.com/uc?id=1QOMC2Ll02wBrItupvjhoQrSuUrvNxR9G,"recJ2d0sVBa3f6EUh, recRbK6eQ3T6zbLOw","recP5DySKL4WqRAdK, recVeC7tbzAN3zQRp",49644,Sun 02/01 02:00pm,recqUrNPbE1akxPFa,recI1CKi8swk9LoMQ,https://v5.airtableusercontent.com/v3/u/57/57/1790683200000/Rs7l2aoIbSs3EX3cABCKpw/6SmvhSJUwy0MwbG2zUXuQJGBp2kXBd0qtdJEjUEsTtTVKGFss0BDBrDPPKidlelA4KcTABWwwLLWJYnlxTYUWlJSQv6MDFmYgxVXJngZgy_KaKjax5ldtLf7QbgtWm8Jk_lman_muV7-b3WCkTWKzCSsuTbyZaRtvqm_sqIlvKM/2UUHQ4z3ofGgo9_2bRH9bk0VdPpC5wxEgG_DPRjbyc8,NASB2 (PC),02:00pm,2,Winner & Loser may switch.,True,"recgIP5tvLa0vBJ17, recQL5GjMR8Qu2UAM",0,1,5,3,11:00am,,PC,Confirmed,True,32,recPifRBEeuVqyWDh,NASB 2,recD1xaEWqTwTBy1U,Cherry,6 Hours,5 Hours,12 PM,recOkdZvxThsyuXu7,https://matcherino.com/tournaments/158926,2026-02-10T19:00:15.000Z,reca5R6jcnOHP5KAC,recFvH8e5RA1Z0JeJ,,"recJkPUTCvGpw0QSa, recJ5l1IfeGB20vp2, recEr1UVqEjMVuBKz, recaT89ppyRZjOp6Y, rec1Nmm8SXkcxGk62, rec5qS51uwYgQryPc, recm49mc9VGhq3h8P, recnp90nXxsZ9RCAp",Collected,https://v5.airtableusercontent.com/v3/u/57/57/1790683200000/OwK2QEMY0loM3Vhr3ck1yA/m-PON_eLmAydvpnQpSBaKjnad9xjljYQtHBU1uaZ8-FDwm1yzbViR-hucQi_k7AHqq22ccng31XSj7jrbrYOUJmm0LMZmT-UkaX7qPm77jQYJjqjox1TWLeu8ujOoggEtd4J6vvKPvYw_xQoTlGiZMHA6YVS862f1Zla6Yj7ogk/yxVwU_w7G1ai-_fVMVplUHjUx3P3MIsOvJZKTZ0jJhI,NASB 2,recUTDtHkKsAuW7Tu,https://matcherino.com/tournaments/158926/admin/general,1,Double Elimination,https://twitch.tv/ugsgaming,,Sun 2pm,0,https://www.start.gg/tournament/vortex-gallery-at-frosty-faustings-xviii-2026/event/nickelodeon-all-star-brawl-2,162.5,,00ace90d,https://matcherino.com/tournaments/158926,5,Sun 02/01 11:00am,rectQCmr3S5fybAz3,NASB2%20%28PC%29,1402946,1st Lineup,recP5DySKL4WqRAdK,"None, UGS",True,"3/5 Games for Losers Finals, 3/5 Games for Grand Finals, Varies","Cherry,scooterdoops","recwSarOpP5xB5RZO, reclac9DidNZheYvF",2/3,"@Cherrynasb, @scooterdoops.bsky.social",00ace90d,NASB 2,NASB2,"https://www.start.gg/admin/tournament/vortex-gallery-at-frosty-faustings-xviii-2026/attendees?page=1&filter=%7B""eventIds""%3A%5B1402946%5D%7D",50/30/20,85,1,Sun 2/1,Hyper Crasher,"1769965200, 1769976000",,,,," Stages in order they appear: 

3 Platform Jelly fish Fields, Moving platform Food Dream, 2 Platform Timeless Stardial, 2 plat Tremorton, 1 Platform Rooftop Rumble, 3 Platform El Tigre Stage, 1 moving platform Technodrome. ",,,,4 Stock 8 Minutes ,,"Thu 1/29, Fri 1/30, Sat 1/31",,,,,,,,
1,,Curry,Sun 1pm,True,aaroncurry,True,,https://www.start.gg/admin/tournament/vortex-gallery-at-frosty-faustings-xviii-2026/brackets/1465727,"rec6nzuInNHxtP77f, recXPPh8fXZjf8Bhh, receOCAyYOXJeTS4F, recQj1XtWfIZKhvhy, recq9wKjq1gTxvdyv, recqa9lTI13BJayT8, recH8iZ6KLdmo9goe, rec96L34H2WSNn6ou",Persona 4 Ultimax (PS4),https://twitch.tv/matchstickmelee,70,,https://topinfinity.org/?game=11065&event=1465727&theme=vgffxviii&teams=0,Sun,1.5,@AaronCurry_,Persona 4 Arena,True,True,,700,Sun,2025-09-20T05:30:35.000Z,https://vortexgallery.moe/info#P4U2,,Persona 4 Ultimax,70 / ∞,"Aaron Curry (he/him), Captain No Fun (he/him)",4,recnzNAWLSpaJmulW,Curry#841598,1,"recUXoBoTAydV24F6, recrwsAKNSMOmTBmQ",recxMC4P6LO0TmJ5y,0,True,∞,2/3,https://v5.airtableusercontent.com/v3/u/57/57/1790683200000/CSNyrDtgxDM1Jz5M83_lBg/4PXVFm9KoET-jxUkd3MliQeuqjqODG7wqFx7uFje9IT6pCHzglktooqVAVTQls6J5muIZFqTACYV9q1Taz0c_3-QvqwEOD_tchbdzAcATiCNS8hnRJ88ATOXOsNirywX41_UdTnt3mlgub6xhlFjyQ/_ukaNgsBn_wAlc1W6SVHY8P0-jz8Dvv20ON4eSvj68E,True,https://www.start.gg/tournament/vortex-gallery-at-frosty-faustings-xviii-2026/event/persona-4-arena-ultimax,8,6,03:00pm,,None,https://drive.google.com/uc?id=1M-TwsNJ9dkAAc2JC5sz-xo9J4jco6D8b,"reclDVOsmZYa52JQV, recCAmcjcL8Q7s7gs","receO5Odo7gMKSPSR, rec3GVT4bvRDEbPm2",11065,Sun 02/01 03:00pm,,recLGciTrQWfcI3Wm,https://v5.airtableusercontent.com/v3/u/57/57/1790683200000/rUFmK7GvhTVK9kJ14qZBtQ/P3qPje09u35x3fj15ziWW03QOOPp5VWvu7fa8zWQUVhOK1y8873vbayikOwuKwB6qampN48_vQo-pg3pyXkyMFMLnke0IIqiepZfA5qcUUAsSXlOC-qzjNhTPm3Kpq0klbbCF0yqmFmlbWgTJ0wPzDC3zqlj8idjp71z0hPorZk/NAhAKoQBi8tuwXTEoRMLAmYhqI1aBmILWuWGnhoHXkg,P4U2 (PS4),03:00pm,2,Winner must keep character. Loser may switch.,True,"recnzNAWLSpaJmulW, recNvkS4mnsFKMftj",0,1,4,8,01:00pm,,PS4,Confirmed,True,None,recUptINRGWEmkH1E,Persona,recU4D1dXYPtTiJ0u,Aaron Curry,4 Hours,4 Hours,2 PM,"recnzNAWLSpaJmulW, recbvn5aAEre10ytW",https://matcherino.com/tournaments/158927,2026-02-06T03:26:32.000Z,recxMC4P6LO0TmJ5y,rec48Ddwpsd66GMrw,,"rec066Y62zs8FzyVb, reciyTHNRMbACEslT, recKHNm6yofH09M1u, rec5ARH6pajaYteNo, reclCgFzXPDdrq1Mi, rece83SmjdU7MpyoJ, recJzgQtIhb649CVT, recdPFryATXZ2L8NZ",Collected,https://v5.airtableusercontent.com/v3/u/57/57/1790683200000/5hpSThcoosa0RoQ6P1-cEg/VcB0irmNNYI4PPoKaJjrxi42yluRKP-doPwAVOCzlbexvGZfg1jmrn_c5e0Ne7kdHvpv27XhI1NaBfITA95LU3PhSS8hj-cq5kI-jVhBmAumzPAeftevi3FtHOqhHvil3PCb1t4syzEBSu2Y329B6kDulrJ6isot1mJ_wmYS0buwyh0sa7RYTBx8yuR8I52y/TfUO4kK4fgZ0Ll9jK-ehkHm-5dKR2dytF9h_ccUG71Q,Persona,recV6irNLkHsWnj0B,https://matcherino.com/tournaments/158927/admin/general,1,Double Elimination,https://twitch.tv/matchstickmelee,,Sun 3pm,0,https://www.start.gg/tournament/vortex-gallery-at-frosty-faustings-xviii-2026/event/persona-4-arena-ultimax,62.5,,b09af56b,https://matcherino.com/tournaments/158927,10,Sun 02/01 01:00pm,recF3TXKOa4JgEi3t,P4U2%20%28PS4%29,1465727,1st Lineup,receO5Odo7gMKSPSR,"None, MM",True,"3/5 Games for Losers Finals, 3/5 Games for Grand Finals, 3/5 Games for Winners Finals","Aaron Curry,Captain No Fun",,2/3,"@AaronCurry_, CaptainNoFun_G",b09af56b,Persona,P4U2,"https://www.start.gg/admin/tournament/vortex-gallery-at-frosty-faustings-xviii-2026/attendees?page=1&filter=%7B""eventIds""%3A%5B1465727%5D%7D",42/20/13/7/5/5/4/4,700,1,Sun 2/1,"Aaron Curry,Osugure","1769972400, 1769979600",,,Osugure,recbvn5aAEre10ytW,Boss mode characters are not allowed.,,,,,,,,,,,,,,
1,,"glial, wubbiq",Sun 3pm,,"glial, wubbiq",True,,https://www.start.gg/admin/tournament/vortex-gallery-at-frosty-faustings-xviii-2026/brackets/1498262,"recIhYTW8dta1jyCZ, recG4ZmpHclRnz2WU, recZhm1gHv6OHUnCr",Pokemon Close Combat (PC),https://twitch.tv/matchstickmelee,44,,https://topinfinity.org/?game=79205&event=1498262&theme=vgffxviii&teams=0,Sun,1,"@Glial_Ga_Gotoku, @wubbiq.bsky.social",PCC,True,True,"@matchstickmelee, @StoveFGC",220,Sun,2025-10-14T03:09:18.000Z,https://vortexgallery.moe/info#PCC,,Pokemon Close Combat,44 / 48,"Patrick (he/him, they/them), Gold_Phantom__ (he/him), Zanshin (he/him), rngg (he/him)",8,"recQGG116lLO3lCi8, recfw3vYI2JMsJAlP","Glial#2178040, wubbiq#684298",1,"recJUou1aSWLF3jUg, recl5RQDtkzbOCqlQ",recxMC4P6LO0TmJ5y,0,True,92%,2/3,https://v5.airtableusercontent.com/v3/u/57/57/1790683200000/jLnsPrnUDIBWoGcStbwZSA/KbyoClq9CF07Tr6Un2-xYCEuY7bf_RTv1cAYykSEaxlGwMcvq_7658TR1ws36nndpmB2oKOqtJL4eGTSsl8ShXsVFTPFYmQWiKbGGbGQD_T7fLqUV_SJs6ZI6FWl_wVDqIGTt3qzfVvlaBzatdp0Og/ntXLHJXLymdNWrzHa2Ocj7ZvKvvqnQA1HzcfiIAdSuA,True,https://www.start.gg/tournament/vortex-gallery-at-frosty-faustings-xviii-2026/event/pokemon-close-combat,3,8,05:00pm,,None,https://drive.google.com/uc?id=1b-90vYVff7po67pAaHxbde13Jtpk0cGw,"recVzEqF0QC0RSTPW, rectdkJZ3ekHiSWRx","rec3GVT4bvRDEbPm2, rec3rGhvvX8R1ZZ9b",79205,Sun 02/01 07:00pm,,recYPLoCfmSxlu31R,https://v5.airtableusercontent.com/v3/u/57/57/1790683200000/SWDUVXAgCDkt_zDpHdPD8Q/88Qbu-W3bd5xwi-fXJCxcmRUuvq0aI08Y96GZvj8vD8J_OdczX9BO3KSAedwx4T1v539lNJSO6q6xCw8hV4qNLo1_msWEEIcGSEIWyMF3_sPjdsDOn6pJeHvmpX2ra-tWzR0iGnMfAvkX7tRM5WUEHjRaJM8HYnwzhoaSplr_zA/1De5VCicadolf-bt_-iIZxk346tnCNyxIFx1hNV6g_0,PCC (PC),07:00pm,4,Winner must keep character. Loser may switch.,True,"rec4w0ZWHnsJRxQK0, rec9AqDDYx6wox0Aq, rectS3eDMuVIC6bn8, recxX1MJAJi54PUH2",0,0,3,3,03:00pm,"Sat 1/31, Fri 1/30",PC,Confirmed,True,48,recTYASKhDy1gE5mH,PCC,rectcagj4emp5ZQTn,"Glial,wubbiq",3 Hours,3 Hours,3 PM,recKUSTh8LBms5e5T,https://matcherino.com/tournaments/158945,2026-07-30T05:01:52.000Z,recxMC4P6LO0TmJ5y,recaz8AxIUWpDLYnE,,"rec9uZuWnDjfdSach, recDPs0y5gFCUFLNX, recqhbynEZ40gtQIf, recYy3mKXWErJVHcX, recD98b7dyiFKpsxB, recvmUjmw0XijWvoM, rec8lxl295Ojaa5jg, recastEKmeoFiQWqp",Collected,https://v5.airtableusercontent.com/v3/u/57/57/1790683200000/7o7oVETccc1j10lTvGklOQ/I-Rp3yli5CtgW2DKiPc3EM0EbEN2MjfNT9-DuLKctX5G5F4f0qYDatROGbm53kvx7O1l_mfy46KxyotJMQq5LjXo8wR7BvXEmeYxFl6qmoXNrFoXOqn8gBPMn9n8OB_DlK6AaWVdFxU9JTNDr6oKWHhRyfYQGix1GFt0neEz2Hw/LULTsJr-Nlf7mQFb91hhvDccUBXpxKWTZ-o_-9DR8rs,PCC,recUTDtHkKsAuW7Tu,https://matcherino.com/tournaments/158945/admin/general,1,Double Elimination,https://twitch.tv/matchstickmelee,,Sun 7pm,0,https://www.start.gg/tournament/vortex-gallery-at-frosty-faustings-xviii-2026/event/pokemon-close-combat,62.5,,"d6e93c27, 4aece8e1",https://matcherino.com/tournaments/158945,5,Sun 02/01 03:00pm,recq9qKJ4noG7RO00,PCC%20%28PC%29,1498262,3rd Lineup,rec3GVT4bvRDEbPm2,"None, MM",True,"3/5 Games for Top 8, 3/5 Games for Grand Finals","Patrick,Gold_Phantom__,Zanshin,rngg","recArWegKoDSPuCZE, recot9Z3qqXGv5m5o",3/5,"@Gold_Phantom__, @Zanshin_Stance, N/A","d6e93c27, 4aece8e1",PCC,PCC,"https://www.start.gg/admin/tournament/vortex-gallery-at-frosty-faustings-xviii-2026/attendees?page=1&filter=%7B""eventIds""%3A%5B1498262%5D%7D",60/30/10,220,1,Sun 2/1,CharCharRealSmooth,"1769979600, 1769994000",,,"Patrick,Gold_Phantom__","rec4w0ZWHnsJRxQK0, rec9AqDDYx6wox0Aq",,Any PC,,,,,Thu 1/29,,,,,,,,"Osu Workin on it
"
1,,Jin,Sat 12pm,True,jin_hypegod,True,,https://www.start.gg/admin/tournament/vortex-gallery-at-frosty-faustings-xviii-2026/brackets/1480251,"rechXj6gzfH8prSR6, recr9ywPEOztRqbFH, recFMyjSU70afScNY",Pokken Tournament DX (Switch),https://twitch.tv/ugsgaming,24,,https://topinfinity.org/?game=447&event=1480251&theme=vgffxviii&teams=0,Sat,0.8,@jinthehype,Pokken,True,True,"@AJ34_SSB, Polaroidprod",240,Sat,2025-09-20T05:41:20.000Z,https://vortexgallery.moe/info#POKKEN,,Pokken Tournament DX,24 / 64,"Jin (he/him), JrJam (he/him)",5,rec8PuXz08laIdNTz,JinTheHypeLIVE#1057000,1,"recyzuzsgXitIRbH4, recXydUuu1qTklUWX",reca5R6jcnOHP5KAC,0,True,38%,2/3,https://v5.airtableusercontent.com/v3/u/57/57/1790683200000/Hc73SpL4NUilHmGqO-DyLw/lVRkzyygc0F66wadW4UehX5ciSR3-pwzY4Yba2mOzYGYLkhZYayp1qnYS6FYMh7srakIood9X_041NHITd0MK9IUp2Lg2EFetRY2aEAfU1vdGDxFmSHdcKdtlxLEfqRTTmM6aoJTPxjjJyZ28Ep5kg/IZA7Y8f3DrdgmJZrgSJNK7Olx4Ke9dsSEDlKlV7IXOs,True,https://www.start.gg/tournament/vortex-gallery-at-frosty-faustings-xviii-2026/event/pokken-tournament-dx,3,4,03:00pm,,None,https://drive.google.com/uc?id=1bP3L9Z6MYWdk2ZspRifAormpEgQkuO5I,"recaUPHBj5Q4JyvEd, rec1su0aLXD5jvM3x","recvxD5xZbulOMAOr, recJ9MvDPz4umdMoI",447,Sat 01/31 03:00pm,reca1g1DW1VlteBSq,recB2y6y1PHYAjudh,https://v5.airtableusercontent.com/v3/u/57/57/1790683200000/2qGItyHyMlxhLlbgys98Ew/RKehXWbHFv6mErIMiZTqbaKYW5HBMPhp_CWA-sxp9Ia4_aZirgF2nvqGZGw0nDFaojffAAMDbYdGvYzUMwgcAEMJAINmhUs_fP9q6UhBTPRPTKLY-9FEUTCC2gRO_KM66Wbrx9H8D6rqMekyiXWuTVc9SfL1TVYEufN0wQD9RVM/TxFe6xDRJnJHUnNZGmr0Kn4X4HCP2lm6US1sveE4OLY,POKKEN (Switch),03:00pm,2,Winner must keep character. Loser may switch.,True,"rec8PuXz08laIdNTz, rec789rjYtOUIz7pa",0,0,5,3,12:00pm,Sun 2/1,Switch,Confirmed,True,64,recpbkueYYsWVmzmU,Pokken,recRKaOJp66dIZMCj,Jin,6 Hours,5 Hours,1 PM,reclNL5P4xOjyGPj9,https://matcherino.com/tournaments/158947,2026-02-10T18:47:31.000Z,reca5R6jcnOHP5KAC,rec7PNDeLChmZRcci,,"recJe1eUcrzCa6Jfj, recJzw2Kj8Z0qwxhh, reckqaqWh0CvDrF1C, recWmhJoP6gccFdHp, recNiH2GtLvf7WgOr, recPJUWs6AGtQ5VLt, rec61EuqXXSYKVuid, recriboIJtv37jXNd",Collected,https://v5.airtableusercontent.com/v3/u/57/57/1790683200000/gL0PD_N2BcAP9TU604ms6A/WmNsdbeLYJ_jQrBQiW15H8SlDAGwIp9OBV3jSCo43kfYISu0uvKnTrIebyN4GlggO7k8T2OnVbny5-_pUkLc62twaR1pRaE6uRjeb9nZVDtPY3Qo8QUU0GtbAwd49diCxTMHsOISG3DKBU3H2LAWchy3qUfRFFIwHZzCUH3WeQZlQWwx9c4jWq41HQk8QEah/vj9ih5yEAwD-m6YM465nCwuKYnpmBOQ3MlY_2Oc-qmE,Pokken,rec3Uw2xf16QEExlL,https://matcherino.com/tournaments/158947/admin/general,1,Double Elimination,https://twitch.tv/ugsgaming,,Sat 3pm,,https://www.start.gg/tournament/vortex-gallery-at-frosty-faustings-xviii-2026/event/pokken-tournament-dx,262.25,,b1ad202b,https://matcherino.com/tournaments/158947,10,Sat 01/31 12:00pm,recg4JhGIeHp2Lxny,POKKEN%20%28Switch%29,1480251,2nd Lineup,recvxD5xZbulOMAOr,"None, UGS",True,"3/5 Games for Losers Finals, 3/5 Games for Grand Finals, 3/5 Games for Winners Finals","Jin,JrJam","recwSarOpP5xB5RZO, reclac9DidNZheYvF",2/3,"@jinthehype, @thejrjam",b1ad202b,Pokken,POKKEN,"https://www.start.gg/admin/tournament/vortex-gallery-at-frosty-faustings-xviii-2026/attendees?page=1&filter=%7B""eventIds""%3A%5B1480251%5D%7D",50/30/20,240,1,Sat 1/31,Alpha,"1769882400, 1769893200","Yes, trying to raise $1,250",,Kamaal,rechAg1fFQC43D2RL,"Fixed Battle Arena

Skill Level: Off

Round Points: 2

Vs Mode: Basic Battle",,,,,,,If 50 entrance split shall be 50/25/15/10,,,,,,,
1,,Ferns,Sat 10am,True,ferns1790,True,recpjcr5YALyY3xl6,https://www.start.gg/admin/tournament/vortex-gallery-at-frosty-faustings-xviii-2026/brackets/1402951,"rec4Jqp50bMPMt3wj, recGjCqgEAsGCeVaG, rec5IsKtuah6K8ETT",Power Rangers: Battle for the Grid (PC),https://twitch.tv/ugsgaming,15,,https://topinfinity.org/?game=22156&event=1402951&theme=vgffxviii&teams=0,Sat,1,@FernsComm,Power Rangers: Battle For The Grid,True,True,,75,Sat,2025-09-20T05:30:36.000Z,https://vortexgallery.moe/info#PRBFTG,,Power Rangers: Battle for the Grid,15 / 32,"datboijuiceTV (he/him), TECHNIQUE!!! (he/him)",4,recwWjOMeammJNiiX,Ferns#842543,1,"rec4ccyENmPWzwwPY, recqrDkbwUsAc1Szq",reca5R6jcnOHP5KAC,0,True,47%,3/5,https://v5.airtableusercontent.com/v3/u/57/57/1790683200000/SLYYYxeHiLs90VI4RNlv4w/Cp-_cUeSocH0xzAPIQnLFKitXjR6xo90uOmFeCBCC9UQQnsMjDJFplTwYj6rczYZCzvVkuyJrEIoWC9jgcEwibqs5RAp6jzd2Lwx0rBkylWzaf55kt-iio89vOVSFTtpHWVetR5-Wjne6m_BP6BiY9Yd32UbL28yuCH6F3WAua8aDYcMUL7sTpiy5393hTSK/UyIJETtbQwu4W0pjf65ySxRWNUHdfpfpGSqZsMaaeFM,True,https://www.start.gg/tournament/vortex-gallery-at-frosty-faustings-xviii-2026/event/power-rangers-battle-for-the-grid,3,4,12:00pm,,None,https://drive.google.com/uc?id=1NK-2GoX_gWdQF9Y-u6LOecnuEx-1sl9h,"recyxRJI5eQQciRob, recS5iMFGJ8Mh6NTm","recSl2BbNXkTCqcMb, reczip6elj7tHDAwc",22156,Sat 01/31 12:00pm,recou2N9thhtpoBsX,reciZTgrEDez1NTh9,https://v5.airtableusercontent.com/v3/u/57/57/1790683200000/ujeeR7KyaB2C5nByg6u59A/7VW_1LVGsvG2bFXU1CvJsBF6j_EoUdSRGvFALyYQjVDiThdv2q0LSpcgkebMnkcsSH7esqm_3xAApiIihu7VGh46gMCvuXdebkH4XP6tSCH_nN4QrrIQJRYFQHM1FOIq5tNHBUz1FLAfd-EFkeeDclNJ0GQ-6nsMFVA_lTQrUbw/5uv3Ysj4M7rqxn3qs4i7vbX7CowUJ_0h0gWFY2Olp8g,PRBFTG (PC),12:00pm,2,Winner must keep character. Loser may switch.,True,"recRbbqvOu3CdSKXN, recCpBAOwTushPPzn",0,0,3,3,10:00am,Fri 1/30,PC,Confirmed,True,32,recd9m7E6ddxP1BHb,Power Rangers,recmd8sHKQu438PPV,Ferns,4 Hours,3 Hours,12 PM,rech4fIrnZKH2bkLC,https://matcherino.com/tournaments/158910,2026-02-10T18:55:46.000Z,reca5R6jcnOHP5KAC,recrJx18blDdKtJvC,,"recN47qNaUwnbNOi5, recAjpPbyXJJqVNSN, rec0V55EEv0iJcFgP, rec8cGzwYKJJBDcnz, rec2n6xpdNFnnwQLm, recZMzBVBD93bJxVK, rec4Lw71Nqe4xTLT5, rec03oXDuz61MAV7P",Collected,https://v5.airtableusercontent.com/v3/u/57/57/1790683200000/Lqr0ZNg-ba0I_IOtyIhMKA/PR3v5OX4UGe5Uwt5_5JqiQ5zyxZoMbhVnigVCBPyiLwMW40t4G5sK4ZDUcPbSgliw5QxkmvOf4ntbvXHQufCp2vx4W8ZpJXmY7g7EduKTemzO9Tn7ZHqVLouB3KaqMxD6-9zc_Iv4PqkOQOVy_9q_8uf8ogQNP6val5GLcLC2l0q6EZBpomiuTLg0EvqDrQS/mlJBtcHMHmm7RcCQu06Ggp60MKV7vDL_PA2kJyWDvSQ,Power Rangers,recUTDtHkKsAuW7Tu,https://matcherino.com/tournaments/158910/admin/general,1,Double Elimination,https://twitch.tv/ugsgaming,,Sat 12pm,0,https://www.start.gg/tournament/vortex-gallery-at-frosty-faustings-xviii-2026/event/power-rangers-battle-for-the-grid,283.5,,62372be2,https://matcherino.com/tournaments/158910,5,Sat 01/31 10:00am,recv01rsEjD14Pzrq,PRBFTG%20%28PC%29,1402951,1st Lineup,recSl2BbNXkTCqcMb,"None, UGS",True,3/5 Games for Top 8,"datboijuiceTV,TECHNIQUE!!!",,3/5,"@datboijuiceTV, @DonSweatTheTech",62372be2,Power Rangers,PRBFTG,"https://www.start.gg/admin/tournament/vortex-gallery-at-frosty-faustings-xviii-2026/attendees?page=1&filter=%7B""eventIds""%3A%5B1402951%5D%7D",60/30/10,75,1,Sat 1/31,Thana / Last Romeo,"1769875200, 1769882400",,,BLACKATLAS,rec4cnh9Ykzn1nj9n,"Players must pick training stage unless both mutually agree on a different stage
",PCs with the Grimbahack mod,A custom-made arcade stick with new artwork of Lord Drakkon from NWay for 1st place.,,"Winner must keep characters. Loser may switch.
SPD Unblockables Banned (Following applies if you're using the SPD Zord)
- You can't use the M call debuff on an incoming opponent until the opponent's character touches the ground
- You can't swap strike if the opponent's character has an air M call debuff
--- Doing either of these will result in a game loss",,"Thu 1/29, Sun 2/1",,,,,"Under no circumstances should BFTG be scheduled near UMVC3 or 2XKO. Also, whoever is streaming it should be able to handle streaming a 120fps from a PC. We ran into an issue with the streamers from last year, and I want to avoid that scenario again. If there's a need for a change, please let me know.",,,
1,,MasterScrub,Sun 10am,True,masterscrub,True,,https://www.start.gg/admin/tournament/vortex-gallery-at-frosty-faustings-xviii-2026/brackets/1486688,"recbUkN6EKYhMzupz, rechfuSTnAMBJ5lWz, recAgQckhiQyn9wEo",Project Justice (PS4),https://twitch.tv/vampirearcadia,38,,https://topinfinity.org/?game=11577&event=1486688&theme=vgffxviii&teams=0,Sun,1.25,@MasterScrub,Project Justice,True,True,"@ailerus.vampirearcadia.com, @MiniMaww, @2Old2Furious",190,Sun,2025-10-14T03:09:30.000Z,https://vortexgallery.moe/info#PJ,,Project Justice,38 / 48,"MasterScrub (he/him), Zanshin (he/him), RAIKA! (he/him, any)",4,recLRBHKnQ771zuWh,MasterScrub#796770,1,"reccys4Yf3iKpD6xk, recVfuOF6yrJDNpVU",recgF4EUwg1yzChkK,0,True,79%,2/3,https://v5.airtableusercontent.com/v3/u/57/57/1790683200000/0RmGCm_Y2rWpcSqakWIF6g/3jVhuID9e2KKRY_9kG_gMwYy-6h3gf6DpMLNhn3yK-gV_dHFIAcPKP8ZU0Cx-o85wWD_dphs4me4LL69tSEODmhs8kQH9_do5_cQ4Uu5L5dJCalSclY_QGQzajidGQChtt1U-BOZTfhT0DTWJvyKNA/cEbexUXLrNbDAkVND2chkyuIKKKDl6z6OIlG8yQ2Zkw,True,https://www.start.gg/tournament/vortex-gallery-at-frosty-faustings-xviii-2026/event/project-justice,3,5,12:00pm,,None,https://drive.google.com/uc?id=1BCCb_lr7pYhE9Uj-axjvrVGfsaOhssTr,"recHIEQKCXWwhhHT9, recUyhNBFlvK0EtY2","recedGTWZyTyX8zqE, rec6YlK1cYYCAcUJc",11577,Sun 02/01 12:00pm,recuIpNLh4AX0EYYN,recyuWK1dsvPUZorS,https://v5.airtableusercontent.com/v3/u/57/57/1790683200000/oCGuqtmqZvHSh7pkaJleZA/H5UpukvNJMvnQx4O42ltTOn9f8vJi7tjR_IBnRI1g1l5y_f-Dkk-8De-iNXDXdlMQRgl8pxaBWdp_whgUq-cvOlZltLLeQsb5lwqL-TviqQP4MWgUOXIhAFqUe6k4XobE3qpdexR9yLttmzLFPDc_VyMd8L2RCCHrlIR7GqIvaQ/5TDCDTW5cDEvXtuYf3DazdfecIgLp9hq7z_k9O14KS4,PJ (PS4),12:00pm,3,Winner must keep character. Loser may switch.,True,"recLRBHKnQ771zuWh, rectS3eDMuVIC6bn8, rec8aGrSTs8KW2ouY",0,0,3,3,10:00am,Sun 2/1,PS4,Confirmed,True,48,recegZczCXHZV3bgb,Project Justice,rec5hlpePqDZLFkOL,MasterScrub,4 Hours,3 Hours,4 PM,"rec0kRjZXDuTpy4k9, rec8aGrSTs8KW2ouY",https://matcherino.com/tournaments/158946,2026-02-06T07:07:17.000Z,recgF4EUwg1yzChkK,recdsWidFUYfTXI8p,,"recHh7zTg3k4SPHFu, recUbLwlYRv9htPbx, recG9FrpiblNGKD4A, recOrinrMXe4cwuaz, recDcBTm4uddpMLnP, recchsy5bARQ9GyGv, recPo9d5uwvN9dMLZ, recsHxnEC0sXrXhJ3",Collected,https://v5.airtableusercontent.com/v3/u/57/57/1790683200000/KeSvqLu48_arzCsxbyZmiw/m5sji9t5a5oreajHmbLALD7gdBX39Civ9hLi10XhT_FO_HxNSGPSVcA5oWIfQPB5eJv2zT3aNxM45Yd5eSKTrpjHAjg8o5BUduaQmGbHBzaXdHn07AqPW8cA2kiowGHvAarmtHA-4hIeloBm76jgOvbJfWOY5zHT1FqsRd2xvUz6QZzdSDA6TbQbS80eeNpL/OGuKkJz-nyvwI2m8QTv8RZgiNGRRqUyOxeanx552BIg,Project Justice,recV6irNLkHsWnj0B,https://matcherino.com/tournaments/158946/admin/general,1,Double Elimination,https://twitch.tv/vampirearcadia,,Sun 12pm,0,https://www.start.gg/tournament/vortex-gallery-at-frosty-faustings-xviii-2026/event/project-justice,62.5,,/3940c7ef,https://matcherino.com/tournaments/158946,5,Sun 02/01 10:00am,recoHxWeomllcYFFJ,PJ%20%28PS4%29,1486688,2nd Lineup,recedGTWZyTyX8zqE,"None, VMP",True,"3/5 Games for Losers Finals, 3/5 Games for Winners Finals, 3/5 Games for Grand Finals","MasterScrub,Zanshin,RAIKA!","reccix2fmrQ7uugQL, recJGX00iZQRUWfbP, rect90KuvDv5ThUJu, rec5JVOb6iWui5a7G",2/3,"@MasterScrub, @Zanshin_Stance, Twitter.com/Raikadraws",/3940c7ef,PJ,PJ,"https://www.start.gg/admin/tournament/vortex-gallery-at-frosty-faustings-xviii-2026/attendees?page=1&filter=%7B""eventIds""%3A%5B1486688%5D%7D",50/30/20,190,1,Thu 1/29,"HexedMortician ,RAIKA!","1769961600, 1769968800",,,RAIKA!,rec8aGrSTs8KW2ouY,,,,Kyosuke air glitch is banned,"Button macros for special/super moves are banned (two button macros for assists/side step/throw are fine)
Edit characters are banned
To clarify character switching rules: Winner has to pick the same team at character select in the same order. Switching point character between rounds is fine for both the winner and loser of a round.",,,,,recetWo30uJS5yd4L,,,,,
1,,-ZAN,Sat 4pm,True,catuscarnival,True,,https://www.start.gg/admin/tournament/vortex-gallery-at-frosty-faustings-xviii-2026/brackets/1402949,"recAtMI1pdWRgeqnU, recMuDbXH54nMuw2o, recO0v6AQcpES9Kvw, recf9e8vHrYp3C5ae",Puyo Puyo Tetris 2 Puyo Only (Switch),https://twitch.tv/matchstickmelee,26,,https://topinfinity.org/?game=35665&event=1402949&theme=vgffxviii&teams=0,Sat,1,@zan.puyo.us,PPT2,True,True,"@matchstickmelee, @StoveFGC",130,Sat,2025-09-20T05:30:39.000Z,https://vortexgallery.moe/info#PPT2,Puyo Only,Puyo Puyo Tetris 2,26 / 32,"Thedavotigger (he/him, they/them), Phenotype (any)",3,recl3g9ukKrvLdZyM,-ZAN#911584,1,"recbybhl3YAuMR8IW, recrFbSKK0WR3jEPC",recxMC4P6LO0TmJ5y,0,True,81%,N/A,https://v5.airtableusercontent.com/v3/u/57/57/1790683200000/6qRyj9qc6w-fo4rtmGAxwQ/m4Las-1BC7Pg_gVQT6IzCX1RG-SOoTwM4tp4RsWuOT5TSPmXgEwyY0hFI0t162-sOG-QJwUbjIjQmSLh8xfYgRlUtOBAL5hT7zNsgYieEFMZXqvqvvw4AhgwqYSnuqS2LwDS96u_8DWN8WqGyUSPgw/CI9M5NRhcmU1aP8h6eM_rrRnUqdRYC-8a68Dn_I0q88,True,https://www.start.gg/tournament/vortex-gallery-at-frosty-faustings-xviii-2026/event/puyo-puyo-tetris-2-puyo-only,4,3,06:00pm,,None,https://drive.google.com/uc?id=1RbAAH94WSEKc51hAfVsBBgdMlguguEB2,"recFmBVNfZBRwwq5K, recRhs0iJPpkf9z7z","reccFir5SNodTsvLO, reclMVz9dNDSud5v8",35665,Sat 01/31 08:00pm,,recan3rzgfhiMSDcz,https://v5.airtableusercontent.com/v3/u/57/57/1790683200000/F6fwq158OunZlRh2dzZHTw/PmZvabefM8pjevyDVjj2GWxrsc3WN41WwDsCDbVcrFZKd2fAHsenOhLzWBhhl1xJT1lKrxlI_-Coc9QZcHnuvbki9ChHkEkibriWJ-PFriJhWTW4q9Vt_E0f3oIi5APG7cjlFFiI0S1ZUz-98q4LB20OIwRJ1-Ir0Oy8FkVoi6Y/upw6ZRTQLwLA9cXq8yF7W_DrV6caBYEzhuETr89dBxk,PPT2 Puyo Only (Switch),08:00pm,2,,True,"recLfTwSvC5ATGwrH, recLkFByYAV9d4FCq",0,1,4,4,04:00pm,Fri 1/30,Switch,Confirmed,True,32,recD7eckerldrIM9U,PPT2 Puyo Only,recdPF1bPtw4T1PSq,-ZAN,4 Hours,4 Hours,4 PM,,https://matcherino.com/tournaments/158928,2026-02-06T03:26:32.000Z,recxMC4P6LO0TmJ5y,recTFG9a9khINlTp5,,"rec4oHVQlr38EjbAN, rec40rQysUZFbTM2o, rec66EJVba7P0TYwp, recFu0zDVsG5IOZ8x, rec9arg9nVxyoXjce, recM7WGd4fBbdyt57, recs4Txak0kBOj6bA, recWlpX72yDycIMYb",Collected,https://v5.airtableusercontent.com/v3/u/57/57/1790683200000/ex69uZnUs7j7XFY7FmJPFQ/D7IjBlrYyWI5gSTjDHyhjhHGtJW3CRuQwg6-nEMNi2QuBe3YfDMT16hPClS5qaq058DAMx7cwYsS_IZ1NvNIqV8yCIds48WU-3Y3s8d_F182Y2sicZ2GHLIvskt7ALxmy5gJcYQB_ux-qwtUIKd5-HJ0HtqqJuuuJ2OynaGY_o_dVfpnF_LB-knLXzz3sZ3DOLGcPNpxRWOQnd_NeYOtfIwvfInJR3cvZQewUO5rIB0/UUxHPjYKlcODBcpVjeMuG2kNjyc7iYbiMJ8lWVyPqPU,PPT2,rec3Uw2xf16QEExlL,https://matcherino.com/tournaments/158928/admin/general,1,Double Elimination,https://twitch.tv/matchstickmelee,,Sat 8pm,,https://www.start.gg/tournament/vortex-gallery-at-frosty-faustings-xviii-2026/event/puyo-puyo-tetris-2-puyo-only,107.25,,a250f3c0,https://matcherino.com/tournaments/158928,5,Sat 01/31 04:00pm,reclGniLk3hRrfRYM,PPT2%20Puyo%20Only%20%28Switch%29,1402949,1st Lineup,reccFir5SNodTsvLO,"None, MM",True,Varies,"Thedavotigger,Phenotype","recArWegKoDSPuCZE, recot9Z3qqXGv5m5o",Varies,"@thedavotigger, @phenotype.bsky.social",a250f3c0,PPT2,PPT2,"https://www.start.gg/admin/tournament/vortex-gallery-at-frosty-faustings-xviii-2026/attendees?page=1&filter=%7B""eventIds""%3A%5B1402949%5D%7D",50/25/15/10,130,1,Sat 1/31,,"1769896800, 1769911200","$70 - -ZAN
$250 - Phenotype - if bracket caps out at 32 players",320,Phenotype,recLkFByYAV9d4FCq,"- Mode: Puyo Puyo 2
- Win Count: FT7 for Pools, FT10 for Top 4",,,,,,Sun 2/1,"If bracket caps out at 32 players, change split to Top 8 42/20/13/7/5/5/4/4",,,,,1,recDpMGeuQD0yoCfC,
0,,Kyuu,Fri 12pm,,kyuusc,,,https://www.start.gg/admin/tournament/vortex-gallery-at-frosty-faustings-xviii-2026/brackets/1493781,"recSYFbYQdTC51X1n, reczxWnDRGiRPGPVl, recr2cDdeDVbiORdo, recTfd6Fu5YEdUoYV",Riichi Mahjong (Tiles),,52,,https://topinfinity.org/?game=101338&event=1493781&theme=vgffxviii&teams=0,Sat,1,@KyuuCC,Mahjong,True,True,,0,Sun,2025-11-04T04:26:40.000Z,https://vortexgallery.moe/info#MJ,,Riichi Mahjong,52 / 64,,4,recEMaEU78xojHPiS,,1,"recLhrAiABXESEXRz, reccBXwvWob3NOLRG, recRMwkvRjy6icvir, rec2Fs6OKBCT6ok6f",,0,True,81%,N/A,https://v5.airtableusercontent.com/v3/u/57/57/1790683200000/8ru9905vnUGV7l73_0Amlw/IhxwXepvMaP2txOe8RaHMaLktpRswfjLN-ihfrLAHwMUFsd-g7Vb-KkMthWZc8ohSM-ypPHgNnOHbcC_pcgag103Tvv8rbpD2uU3L7pTBHFePyLIRbhNh1tXoP8MZX_Wx-CEwR31AGoRWUhO2uwFoA/ObeA6ZeKUXNQ14w2FXevzlXHzN4ZtdHN4Rrk9herwFk,True,https://www.start.gg/tournament/vortex-gallery-at-frosty-faustings-xviii-2026/event/riichi-mahjong,4,4,10:00pm,,None,https://drive.google.com/uc?id=1IJBIz69QbNZ0337XIAG8YZOYwScRaKsy,"recVxbfRLdB930svE, recGYckUYGawHRAxN","recfB7aNZG8PK97tf, receO5Odo7gMKSPSR, recZzalbJ1cGxNYPG, rec3GVT4bvRDEbPm2",101338,Sun 02/01 03:00pm,,recYlqRrVhMiXjS5z,https://v5.airtableusercontent.com/v3/u/57/57/1790683200000/K_XxmwMeoAzu5HaRu6xxEA/-brzV2DqunzlJYDJ-JkN2fw2E_WYNzfDFqzLAYnw5yVSVjH15CNLzsANcKS7FRl78CgVE_MIi1Flx2VEVjztniufKNzy_uuCphAmWvBDs1HYoh6of1H6p7gD1UDS7ygTr-4qHBnBtUb_SU1VP0cCKfXSktoiLkK94rfs0bH1fT4/w1KKySLMxScjsspP0h8Afcd8myREqSIoaKNvy-a2mW4,MJ (Tiles),03:00pm,0,,True,,0,1,24,0,12:00pm,,Tiles,Confirmed,True,64,recIqr21v4pUqbrl8,Mahjong,recbpk63KPSYyJgxW,Kyuu,,24 Hours,,recW5m3Ll3NBxJnxU,N/A,2026-02-06T03:26:32.000Z,,,,"reczWDgGEhmpLSsDE, reccWx1J2luwGcXiD, recqcoD8KuubTINBj, recQn5BE3PYBJIG5n, recKQIdFbk9cSnrwm, recsFJ09fGR0Z3BTp, recPWppJtxvru54Ge, recF8pF5NMDil9PFJ",Confirmed,,Mahjong,rectVHaYRPegHn4y3,N/A/admin/general,2,,,,Sun 3pm,,https://www.start.gg/tournament/vortex-gallery-at-frosty-faustings-xviii-2026/event/riichi-mahjong,0,,3c8b8bf6,N/A,0,Fri 01/30 12:00pm,recHoF6QtzyDuU18u,MJ%20%28Tiles%29,1493781,3rd Lineup,"recfB7aNZG8PK97tf, recZzalbJ1cGxNYPG",,True,Varies,,,Varies,,3c8b8bf6,Mahjong,MJ,"https://www.start.gg/admin/tournament/vortex-gallery-at-frosty-faustings-xviii-2026/attendees?page=1&filter=%7B""eventIds""%3A%5B1493781%5D%7D",N/A,0,1,,M,"1769796000, 1769972400, 1769882400, 1769979600",,,,,,,,,- [Full Ruleset Info](https://drive.google.com/file/d/1HTBF5oOzZubVJXfiZDbdJ6HXt5hYCz0F/view?usp=sharing),,,,,,,,,,
1,https://twitch.tv/ugsgaming,mpaulgames,Sun 11am,True,mpaulweeks,True,,https://www.start.gg/admin/tournament/vortex-gallery-at-frosty-faustings-xviii-2026/brackets/1486725,"recnXXZlzydVy2rgv, recoG8mZupq4m8Sul, rec4igZACIdGpXBuc, recCdMZM93qd5zaPX",Scramble Heart City (PC),https://twitch.tv/ugsgaming,24,https://twitch.tv/ugsgaming,https://topinfinity.org/?game=86263&event=1486725&theme=vgffxviii&teams=0,Sun,1,@mpaulweeks,SHC,True,True,"@AJ34_SSB, Polaroidprod",120,Sun,2025-10-20T19:02:52.000Z,https://vortexgallery.moe/info#SHC,,Scramble Heart City,24 / 32,"mpaulweeks (he/him), Captain No Fun (he/him)",3,recpl160lByrPEOQo,M. Paul Games#1997998,1,recCFIxlhTeDLMRZ5,reca5R6jcnOHP5KAC,0,True,75%,N/A,https://v5.airtableusercontent.com/v3/u/57/57/1790683200000/UCh3aj60pi7NqM44RJfQ0w/yYzzlR077NScLh8ht1EpzJJlAUp1AtJdtB5vnthSNqouQ1YBkAJTzg8FjzLUr5n28pERPzo2ODwVKRI_baW4fAbC6v5Xp5JIBSA7h8_ZsqVXojZrjpEBjY_Htvr8cZEE9ZpHjiLEMilPrePzHY0LnkiQhI1MvNHL-j6uKnQn608/ndeO7xXnA7sJch2GmWEvw0jAmAht4rRtIV3Cym5oiLY,True,https://www.start.gg/tournament/vortex-gallery-at-frosty-faustings-xviii-2026/event/scramble-heart-city,4,3,01:00pm,,None,https://drive.google.com/uc?id=1by9RC1BkW0UtKICyfudnt0aNnjjKFjgj,"recHDoptaVBEjVIjj, receS7LKHuab1d28f",recSixc9m8Sc33QkY,86263,Sun 02/01 11:00am,recw8drrgn00VgfkK,reczYsuu7vMqnDt70,https://v5.airtableusercontent.com/v3/u/57/57/1790683200000/PG370NYfoMLhf_kFYWAbLQ/hzY_42egXL75V7yhGvq51p-IpEGbh8SBhKdyMZOWnf2x_ZYhRZfx6YGxJbGrCMDaajtB9WR15g6gJqGo82BHoSdOqZqpNpICC83CEnxO_MUVTYbnKj68synM3V3Z2WZ2f1xqHjDPFQvUga1W0jlVsEOrKpy4EIsbAFe2pxiOeGo/cs4lDV_bJIB0IJv7vCQk1qQ4qJZjq-TPy7ap5qZ33Zk,SHC (PC),11:00am,2,Winner must keep character. Loser may switch.,True,"recpl160lByrPEOQo, recNvkS4mnsFKMftj",0,0,2,4,11:00am,"Sat 1/31, Fri 1/30",PC,Confirmed,True,32,recZB1iwGq2aObxZj,Scramble Heart,reczpn0FjtPKx6Iis,mpaulweeks,4 Hours,2 Hours,1 PM,"recpl160lByrPEOQo, recoUrNjerkRb3SKx",https://matcherino.com/tournaments/158949,2026-02-10T19:04:35.000Z,reca5R6jcnOHP5KAC,rectQgaQhsyDULfa0,,"recpKd1xQocntYrMS, recB4XWKWf2kqFqpH, recIpkCCnEW1ijTLq, recsz7JDZofDuWz9X, recqCJGPz4IGtC7jf, rec77A5pBz6bk2Kwv, recqJxdWKjK0omci7, recRxBOuePYZ2xqP2",Collected,https://v5.airtableusercontent.com/v3/u/57/57/1790683200000/T4XIn9w83Y2cwoNxOeHpuQ/L0rrMpI8gnuCwPVBZocsHHllq8ACKK_rUEy8hP92PZLgguXtjKeBOhbq-CMMlDysQSdKq9zFQs5WubMYvlyliXcottlVAKB6aX5sDYHMlpOvqBmpDZkdXQgbZTPV-aIcWq0rhH46s1omS0HYCTkX3gi-RKCA7F2VnEh6tW5kGd0yGwszNJOV4044wMBvVCgd/PPqkOY3HOHO93-d4hNculMfNkBtKvf28ja5SKbcgib0,Scramble Heart,recUTDtHkKsAuW7Tu,https://matcherino.com/tournaments/158949/admin/general,1,Double Elimination,https://twitch.tv/ugsgaming,UGS,Sun 11am,0,https://www.start.gg/tournament/vortex-gallery-at-frosty-faustings-xviii-2026/event/scramble-heart-city,156.95,,1da9d4e5,https://matcherino.com/tournaments/158949,5,Sun 02/01 11:00am,recFM1t65lF1N61pQ,SHC%20%28PC%29,1486725,2nd Lineup,recSixc9m8Sc33QkY,UGS,True,"3/5 Games for Losers Finals, 3/5 Games for Grand Finals, 3/5 Games for Winners Finals","mpaulweeks,Captain No Fun","recwSarOpP5xB5RZO, reclac9DidNZheYvF",2/3,"@mpaulweeks, CaptainNoFun_G",1da9d4e5,SHC,SHC,"https://www.start.gg/admin/tournament/vortex-gallery-at-frosty-faustings-xviii-2026/attendees?page=1&filter=%7B""eventIds""%3A%5B1486725%5D%7D",50/25/15/10,120,1,Sun 2/1,"mpaulweeks,Ocarune",1769965200,"✓ As the developer, I will contribute $100 to the Matcherino pot",100,,,Default settings,All I need are monitors and chairs. Everything else I will bring myself.,"Checkin - free stickers
Top 8 - free keychains
Top 4 - free bags",n/a,"Winner cannot change characters or team order, but CAN change assists",,,,,recXcZZu5Jfa1g8kS,,,,,
1,,waddledee_legends,Thu 6pm,True,waddledee_legends,True,recSL0ZN9FzvuP3US,https://www.start.gg/admin/tournament/vortex-gallery-at-frosty-faustings-xviii-2026/brackets/1465729,"recwpfqj0m0VnlNFo, recpNvNz4pixxa0MJ, recY4I1lESeSQWfsC",Slap Happy Rhythm Busters (MiSTer),https://twitch.tv/vampirearcadia,19,,https://topinfinity.org/?game=17958&event=1465729&theme=vgffxviii&teams=0,Thu,1,@waddledeelegends.bsky.social,Slap Happy Rhythm Busters,True,True,"@ailerus.vampirearcadia.com, @MiniMaww, @2Old2Furious",95,Thu,2025-09-20T05:41:23.000Z,https://vortexgallery.moe/info#SHRB,,Slap Happy Rhythm Busters,19 / 32,"Aaron Curry (he/him), Sayaduck (he/him), HakethKOTB (he/him)",4,recLTUvl3JQH9WSq9,waddledee_legends#1032525,1,"recjqoMzn9bLUXjLf, recOnIRAkcsZPwgQ2",recgF4EUwg1yzChkK,0,True,59%,2/3,https://v5.airtableusercontent.com/v3/u/57/57/1790683200000/-251OJBbXUWvoeADql7RHQ/LeDBHTiIydHufuLu0t_IovZfj8iRuoRnvZyfCf-6a6QvmTTKgyfyvoR-Bb2slHvCBHS4t7eu2fU2F-FevpKVsBrCOnt05jiEm8vMQqEcMOoz01jkM74tdp_RbI-agved1olX7nyMYtaskTg_IS0Ijd963V7SyXpRQywFcG--hss/4UUXZiYi5hGwtA84npUo_MiSBrIheXQijMnEJuyEMik,True,https://www.start.gg/tournament/vortex-gallery-at-frosty-faustings-xviii-2026/event/slap-happy-rhythm-busters,3,4,08:00pm,,None,https://drive.google.com/uc?id=1n8ppKSBBxCR5OmPk5ZQptwMtsvpSPe-u,"recll4GT4I0YQyuAW, recDuL7iJdpXbb8R1","recHqz6HccB7WNWEZ, recWbFi9hhF0UwfUd",17958,Thu 01/29 08:00pm,reciMRT2gxmUVtYIS,recMUEDK6Ak4K6uXE,https://v5.airtableusercontent.com/v3/u/57/57/1790683200000/Hzv6yUdPr9a1jocUjBITBQ/UWwCNpAMGt1z-l8Iw4eIk-gMcFcly8D62jLw-3U7F2p_0qanYBlTeRvSxQpomPe9AmtaP3uZOwtdP69ktLcVQSRIIsxC8Az53h1hCt-3ieizL4u-90gXFH4KOjDWMIPwAsL48ZumlLYIO3K5h9Zs0DEqBmSD2r8_F1ULHBBv60o/qOSA6VWKgDx_c1ecNOEFGURrpVTy3eQR9pHYt_05Juw,SHRB (MiSTer),08:00pm,3,Winner must keep character. Loser may switch.,True,"recnzNAWLSpaJmulW, rectMuDnPhQExPPbp, recSxhiHCT7rsdz6M",0,0,3,3,06:00pm,Sun 2/1,MiSTer,Confirmed,True,32,recGsekMOJZkddOyT,Slap Happy,recrYlooqr0geC2YH,waddledee_legends,3 Hours,3 Hours,3 PM,recOf9xB0uHX7fwr2,https://matcherino.com/tournaments/158933,2026-02-06T03:26:32.000Z,recgF4EUwg1yzChkK,rec2XJoGF69E7Jm5q,,"recVyZ9j8GaBY09np, recDoKPFiEUmwPE4B, recHbJHvc0S4NlsHw, rec48X3QgS6E5dBsH, recwTRtPNPJSAEZUX, recMEIwEFll84pML9, recXDxafX7VXqL1hc, recqwyzezyGFPZq5m",Collected,https://v5.airtableusercontent.com/v3/u/57/57/1790683200000/blvD76y8T3Zkkq6b7FstvA/nI3Oo_4j8Hou7d0tKv8X7R7qhvKMQ9kOL4G67O_4mcEmw0W5j0hPqpJDbPqNfOdUW4KJtyioMQHiPI57eCxeP5fW-7fEx88Jr1hlnK5MvJZBMMBBrzs47jK_bcVPt28aJKkfI1arI7JYzH9I6OsVUm-KCLAYRymp_5PQeDn9aTo51qpyFcpJVGTNtRR83n53/0NVx_pK_zI7kIQOcwVhdXcOpbFmuTQvhKy1YalOTz8Y,Slap Happy,recsjzSn9OyxGku3g,https://matcherino.com/tournaments/158933/admin/general,1,Double Elimination,https://twitch.tv/vampirearcadia,,Thu 8pm,,https://www.start.gg/tournament/vortex-gallery-at-frosty-faustings-xviii-2026/event/slap-happy-rhythm-busters,38.25,,5e5d02a5,https://matcherino.com/tournaments/158933,5,Thu 01/29 06:00pm,rec6m0LAFVOtP1bRj,SHRB%20%28MiSTer%29,1465729,1st Lineup,recHqz6HccB7WNWEZ,"None, VMP",True,"3/5 Games for Losers Finals, 3/5 Games for Winners Finals, 3/5 Games for Grand Finals","Aaron Curry,Sayaduck,HakethKOTB","reccix2fmrQ7uugQL, recJGX00iZQRUWfbP, rect90KuvDv5ThUJu, rec5JVOb6iWui5a7G",Varies,"@AaronCurry_, @sayaduck, @hakethkotb.bsky.social",5e5d02a5,Slap Happy,SHRB,"https://www.start.gg/admin/tournament/vortex-gallery-at-frosty-faustings-xviii-2026/attendees?page=1&filter=%7B""eventIds""%3A%5B1465729%5D%7D",60/30/10,95,1,Thu 1/29,OnmyoKrow,"1769731200, 1769738400",,,,,"Damage 3
Rounds 2
Timer 99",,,,"Gossamer Rev B Wide SCSI Space is a banned stage due to disorientation 
Select results in returning to character select ",,,,,,,,,,
1,,"Matches, lodsaemone",Sat 2pm,True,"drhunk, lodsaemone",True,,https://www.start.gg/admin/tournament/vortex-gallery-at-frosty-faustings-xviii-2026/brackets/1481940,"recrnIoKcvOFjtoee, recVjgHwIhtVMiPoM, reccShOxam1F1pcGy",Sonic The Fighters (PS3),https://twitch.tv/ugsgaming,30,,https://topinfinity.org/?game=9881&event=1481940&theme=vgffxviii&teams=0,Sat,0.875,"@wusstunes.bsky.social, @thelodsaemone",Sonic The Fighters,True,True,,150,Sat,2025-10-14T03:06:56.000Z,https://vortexgallery.moe/info#STF,,Sonic The Fighters,30 / 48,"scooterdoops (they/them), lodsaemone n/a",8,"recPzcd9xGp5v98rd, rec4N3ANb0PCSrreb",,1,"recMTS8x2V33exZt3, recbVRpCNcYAUAWH9",reca5R6jcnOHP5KAC,0,True,63%,3/5,https://v5.airtableusercontent.com/v3/u/57/57/1790683200000/MNxfaF7N4st_QiaMp2mDJg/lkCPu8st3uJG3tU2DSct8uV_EPb6S1wkzwNzYiApZdoh_nkCUyO0dSMS1cptccAmRH1Uf-z-81LXfimDAx5ulhFoVUCTa8U_po_GEUIvvKSa3hvsUUcYco76mIi3t9zhmW3Bq0nh0ad90YR2L-Rhad_6XpVndZP57ZtoCqL2LzU/YXFF9xji9XkGKeB3N5wLVUy-Nv-VyZ5e95RVH6g9H8I,True,https://www.start.gg/tournament/vortex-gallery-at-frosty-faustings-xviii-2026/event/sonic-the-fighters,3,7,04:00pm,,None,https://drive.google.com/uc?id=1zGWgqbPTPxIbVJZFKQCGhZD_1IZz7lES,"recNLMcOUM4oJ0HkP, recAPg2ipZk2BDcqa","reczvJ0gp1CjLxSSW, recYH6M7BqEMC4Y8l",9881,Sat 01/31 08:00pm,recK4OVE6wjwrkPac,recQ4Smeosbd3EwIi,https://v5.airtableusercontent.com/v3/u/57/57/1790683200000/nYboog6SEfl1OtERELmJQg/GnlxjSCqZ4gpwzmGsYRtjBbF7efvkZ28080rjbvDoRaNDRYSNk8Nf8fqDAL9pV0oya3MKEMstIIzQnn0wuaR86tr7HQGxGnxLqPfqLH51lEJkL8oqa5wW2fvpXd_TNLEM646lVttJjuQzD2vXpUpIA1L4N7d5sUMCnRQ-BW6Ta4/GcdypKAkoipi_zEp6bu0QedDG-eC_sWohF_RVISRvEo,STF (PS3),08:00pm,2,Winner must keep character. Loser may switch.,True,"recQL5GjMR8Qu2UAM, rec4N3ANb0PCSrreb",0,0,3,3,02:00pm,"Sun 2/1, Fri 1/30",PS3,Confirmed,True,48,recVzIliBkPL6g28B,Sonic Fight,rec3BIp94v9u2Aizo,"dr.hunk / wusstunes,lodsaemone",3 Hours,3 Hours,2 PM,rec4N3ANb0PCSrreb,https://matcherino.com/tournaments/158951,2026-02-10T18:52:19.000Z,reca5R6jcnOHP5KAC,recyRdpc9xak2Vfsm,,"recLqMth8dK8ghPfr, recOx0h2Oc7giYUlj, recTLyA7DvC8ZIEe3, recp4WDzokvxQoTXH, recbhQXQRtPwNbxv5, rec0jO01dxy5i2J4Q, reck328dwGn9cl44m, recRLMfFRI1zmFEZe",Collected,https://v5.airtableusercontent.com/v3/u/57/57/1790683200000/D2br1XgExVYz6wWDt5eJ5Q/dIkf7inYm-WaTiu5LOx_6JU8U8kHzFocYN6zpfXZe362C_-GCssJwIRIPF5ZKu7gNyZvyLJwoBALtlfKsN4A2tG7wXRMvFQUvVtEveZz9QOMz8E4yBwPi1sEgpiihXXbs5OTo8a8mu-upIUCKlLNfydS2_cEktXk8tRfp8EFiEjCZjEB1AzKtukuk1Xj0Cnr/w72AqAkenDvnBx2tRKbg8zHzZtiftLE3SSQGJabhLpQ,Sonic Fight,recinc6b9NNMARnpU,https://matcherino.com/tournaments/158951/admin/general,1,Double Elimination,https://twitch.tv/ugsgaming,,Sat 8pm,,https://www.start.gg/tournament/vortex-gallery-at-frosty-faustings-xviii-2026/event/sonic-the-fighters,448.87,,"6928ebc6, fefcbe7a",https://matcherino.com/tournaments/158951,5,Sat 01/31 02:00pm,recLy2BF0wsSVXube,STF%20%28PS3%29,1481940,2nd Lineup,reczvJ0gp1CjLxSSW,"None, UGS",True,3/5 Games for Top 8,"scooterdoops,lodsaemone",,2/3,"@scooterdoops.bsky.social, @thelodsaemone","6928ebc6, fefcbe7a",Sonic Fight,STF,"https://www.start.gg/admin/tournament/vortex-gallery-at-frosty-faustings-xviii-2026/attendees?page=1&filter=%7B""eventIds""%3A%5B1481940%5D%7D",50/30/20,150,1,Sat 1/31,lodsaemone,"1769889600, 1769911200",,,"lodsaemone,scooterdoops","rec4N3ANb0PCSrreb, recQL5GjMR8Qu2UAM","Default Ruleset (No barrier regen, 5 barrier, 30 second timer,  3 rounds to win)
Metal Sonic Banned 
Eggman Legal if both players agree to allow him to be played

Press Select in the Character Select Screen in order to assign controls",Planning to simply run the vanilla PS3 HD version of the game for the time being. ,Not at this juncture,"Player one is given priority when two moves clash. Players can agree to swap ports every game in order to mitigate this, but it is not required. Players may also RPS for first port. ",,,Thu 1/29,,,,,,,,
1,,"omega_black, Gandalf89",Sun 12pm,True,"omega_black_was_taken, gandy954",True,,https://www.start.gg/admin/tournament/vortex-gallery-at-frosty-faustings-xviii-2026/brackets/1402969,"recKgpB08UQSuosJg, recfDkZfNSwlaCPJC, recoublf8u4K7is3G",Soulcalibur II (PS2),https://twitch.tv/vampirearcadia,56,,https://topinfinity.org/?game=5582&event=1402969&theme=vgffxviii&teams=0,Sun,0.75,"@omega_blackFGC, ogrekvlt",SC2,True,True,"@ailerus.vampirearcadia.com, @MiniMaww, @2Old2Furious",560,Sun,2025-09-20T05:30:35.000Z,https://vortexgallery.moe/info#SC2,,Soulcalibur II,56 / 64,"TiZ (he/him, they/them), XagrandK (they/them)",8,"recsnmM0N6emZ97dR, recagG3mzLN3HlsNH","omega_blackFGC#709267, Gandy954#841535",1,"recSKznu8sfyFrkIe, recPDYn53dhNqFr2J",recgF4EUwg1yzChkK,0,True,88%,3/5,https://v5.airtableusercontent.com/v3/u/57/57/1790683200000/GZFh67FbT21iOID3mheY7Q/0FdwPZnGWUahlJ_M3fI62neVbiDgdWeY4Qy3gyWClIqV41TZV-QgGrZCjf-USzWamzB9b9SDk74YHVVNVqp90Fch_QtjkuPpDY9usXUmbbdNm7jZeR0_j0bREazoRm4jEL5Gts3f5mI9D0VSPcXGhw/laEO2TtLVrlnpyh2WjleoYAjBAOWI1FhpSQRemL6JCw,True,https://www.start.gg/tournament/vortex-gallery-at-frosty-faustings-xviii-2026/event/soulcalibur-ii,3,6,03:00pm,,None,https://drive.google.com/uc?id=1M3AEd-VZvSIQAtwHbFUk1QNu0axoznU4,"recHgCAct1DNIT1k8, recbNiWRZeW8iJukp","recbRuQcZwHRkoTUj, recdCLzw5MbbrZpO5",5582,Sun 02/01 03:00pm,reclYjwz6FhXhmSJx,recty6UzrdROUiHYD,https://v5.airtableusercontent.com/v3/u/57/57/1790683200000/OJBlFRNL7h3F9d_EKogRnA/LD1dRFtDh2H6fVi2vsi4HdcTXjoDeN6PGnDNNfyRuWUxjIGTFngKG9Xa2Jffoo9x-5aojYlqhs7lI9VI0bkTZe4hSG286uosr4KK5hKoGbAchf8OGCy3pnTdMFM1d8qPOzzX7CsqzijAlyL_jjtMu8lQmIyawNswqLtYb1MP-9s/cfQ0SoUqkRUQyNkh7ndieIkeoUDFHKKf1DQhiRnQ3vI,SC2 (PS2),03:00pm,2,Winner must keep character. Loser may switch.,True,"recoJH4Ioe1ilO0Gc, recz8iwUiF9RLhh8Z",0,1,4,3,12:00pm,"Fri 1/30, Sat 1/31, Sun 2/1",PS2,Confirmed,True,64,recaNC5V5GWys49fj,SC2,rec0fAfcWjd5MvfFo,"omega_black,Gandalf",3 Hours,4 Hours,12 PM,"recsnmM0N6emZ97dR, recoJH4Ioe1ilO0Gc, rec24WH1ybgefTPg9",https://matcherino.com/tournaments/158929,2026-02-06T03:26:32.000Z,recgF4EUwg1yzChkK,recWt3qW1MuN252zK,,"recyg9sSQHWVprjcb, rec9T9YXmzecFhBQ4, recu8yuxOkaPgIvU5, rectryGh3wNfrjPaJ, recd3YTtEihIRO7kc, recsF862fGkgWNeRd, recGmLCqJJgfWjJ2q, rec5uwylrwn0v5CGB",Collected,https://v5.airtableusercontent.com/v3/u/57/57/1790683200000/t96K22t93izGk1EEmSn87Q/hOrCyufXvg4P22U3XfUKTZ-uCN7wGaHDZgaXQdMvW3h3GxNv3jWE2GcPTGe0wURmUaRsWUC7H6RHOaQwYrY96qSUMfw5zeRKpYql_5ALYFQeH7UXDV00PI4nsXZgYSaJb0CbdsJxRR2cypeCu5PL2e_K2qvNRNgbIQZRo1her5U9Eq8uPxKRelzNLUFlJBJ_/g3Xh9YXHcnVzzHXERLW8Ic1MpEt_oEj1UKqEvjsXxj0,SC2,recwkWKMNrkMvzVF5,https://matcherino.com/tournaments/158929/admin/general,1,Double Elimination,https://twitch.tv/vampirearcadia,,Sun 3pm,0,https://www.start.gg/tournament/vortex-gallery-at-frosty-faustings-xviii-2026/event/soulcalibur-ii,22.5,,"3f7ca881, 665f27ce",https://matcherino.com/tournaments/158929,10,Sun 02/01 12:00pm,recK9UyXyrvXNYQ6T,SC2%20%28PS2%29,1402969,1st Lineup,recbRuQcZwHRkoTUj,"None, VMP",True,"3/5 Games for Losers Finals, 3/5 Games for Winners Finals, 3/5 Games for Grand Finals","TiZ,XagrandK","reccix2fmrQ7uugQL, recJGX00iZQRUWfbP, rect90KuvDv5ThUJu, rec5JVOb6iWui5a7G",2/3,"@tiz.northsky.social, @xagrand","3f7ca881, 665f27ce",SC2,SC2,"https://www.start.gg/admin/tournament/vortex-gallery-at-frosty-faustings-xviii-2026/attendees?page=1&filter=%7B""eventIds""%3A%5B1402969%5D%7D",60/30/10,560,1,Sat 1/31,"omega_black,TiZ,Sente","1769968800, 1769979600",,,,,"-Default timer: 50
-FT3 rounds, FT2 games
-Winners, Losers and Grand Finals will be FT3 games
-1st game will be random stage select
-Loser may switch character and random stage OR pick new stage with same character",,,-Lizardman throw glitch banned,,,Thu 1/29,,,,,,,,
1,,TiZ,Sat 2pm,True,tiz_huglife,True,,https://www.start.gg/admin/tournament/vortex-gallery-at-frosty-faustings-xviii-2026/brackets/1402957,"recVAFM9pIljFUzSz, recV0e4QbjQdMWez1, rec2eV0ksybajyZlh",Soulcalibur VI (PS4),https://twitch.tv/vampirearcadia,34,,https://topinfinity.org/?game=904&event=1402957&theme=vgffxviii&teams=0,Sat,1,@tiz.northsky.social,SoulCalibur VI,True,True,,340,Sun,2025-09-20T05:30:38.000Z,https://vortexgallery.moe/info#SCVI,,Soulcalibur VI,34 / 64,"datboijuiceTV (he/him), TiZ (he/him, they/them)",4,recoJH4Ioe1ilO0Gc,TiZ#828034,1,"reckCe0PZs6KD5ZRF, rec2Sw0MZIrv82ZjC",recgF4EUwg1yzChkK,0,True,53%,3/5,https://v5.airtableusercontent.com/v3/u/57/57/1790683200000/OX56k3YuOgYBwGdIyRg-aw/cpp3XlwCwo7yiLoWQzupa43udUSBYZOJpLTM97fQFUi5wvkFI9wxSzKpiVqIaM4FA0vyK2lvrWwJ-ZrVG9lt4xYgdJdIztTPf3W5VL_3MS-9LOxfiFGYRZBohgxU99A10VMGPYZi-tXGkC80mPJeFsq0Qdj1V-Cp1StRf3ga7_w/Ok91tvArmClU8u6IIbwbv7h--Ga0OURP6ea53bmQzDo,True,https://www.start.gg/tournament/vortex-gallery-at-frosty-faustings-xviii-2026/event/soulcalibur-vi,3,4,04:00pm,,None,https://drive.google.com/uc?id=1hkYHAFMH90yPoKKKOW1-SAX744t7w16i,"rec0wrQ0KWPARqO4B, recYa2umyL16J2ClJ","reczvJ0gp1CjLxSSW, recczIaJwjyyMbRWG",904,Sun 02/01 11:00am,recD0UrbtNPZyASi4,recvR6iF5wriR8Lxq,https://v5.airtableusercontent.com/v3/u/57/57/1790683200000/g04skCS9xzTdrlJ02vCksg/SMcX_KZgZ8drn0mgvxSB9tdRYyeVHg0OE4gxbzc3VuohN8wjkqHUEMNcyxDcmjV8t2hZh5_jVFxZzTHXbz9Uu_TmEQurb8zO10TVRQm_T1OAlG0bloENX1UYu_WuVL5Zr6UTIwnYSmJSFjbu5F4iDPSdjvlqzwneGmbyumxC-BY/WlyMMJAR4btCbRFJR_ZB5H1rPkdIwTytSmzSUPEC0a4,SCVI (PS4),11:00am,2,Winner must keep character. Loser may switch.,True,"recRbbqvOu3CdSKXN, recoJH4Ioe1ilO0Gc",0,1,3,3,02:00pm,Sun 2/1,PS4,Confirmed,True,64,rec4YJ3jd5cCWXk17,SC6,recDSAr23lCVoPcpz,TiZ,6 Hours,3 Hours,2 PM,recGivhvQuE1hWcyT,https://matcherino.com/tournaments/158930,2026-02-08T00:34:55.000Z,recgF4EUwg1yzChkK,recsnBdV9D4QkVXbo,,"rec2XthYpoJURjAQc, reckrVQrq39PSM0bA, recuBHupPaSVOIzOX, recL9KiPkqM02kCQE, rec6MuyIuEiNfe0sR, recNDegox8aAFsbSz, recMqzOfZmn8z9hKz, reckJDUIAboB6jNae",Collected,https://v5.airtableusercontent.com/v3/u/57/57/1790683200000/2eQx67K2nMYj52akB8iOqQ/Dt_PI_5GFk2J9Q8J5tmHybL8J1IhBpUPChfFA-krOxkxQOkyrswIx6DYgdFejtAdZinouB2PeyjU6OE6QUgsowN_axOtMKlh_dTZ0QppWrdZGs46d1DR-yBaSyKY2Rjm1QCm-iitkjbxeF6KcGS1zaC2cpS6pjc4lcvVUZ90EwLb01Jepr2zNSeHbeVbq2fCg-yULg_eRS59KhkuJdp06NOyYOaQlpT0DOdBQubcg24/FwG4F9nZ-ZkhYE7ewD8gFs8vnqqUpcPgEGxHJYqzU_A,SC6,recV6irNLkHsWnj0B,https://matcherino.com/tournaments/158930/admin/general,1,Double Elimination,https://twitch.tv/vampirearcadia,,Sun 11am,,https://www.start.gg/tournament/vortex-gallery-at-frosty-faustings-xviii-2026/event/soulcalibur-vi,22.25,,ea5ac7ec,https://matcherino.com/tournaments/158930,10,Sat 01/31 02:00pm,recUIH3jZ0zRBviiz,SCVI%20%28PS4%29,1402957,1st Lineup,reczvJ0gp1CjLxSSW,"None, VMP",True,"3/5 Games for Losers Finals, 3/5 Games for Winners Finals, 3/5 Games for Grand Finals","datboijuiceTV,TiZ",,2/3,"@datboijuiceTV, @tiz.northsky.social",ea5ac7ec,SC6,SCVI,"https://www.start.gg/admin/tournament/vortex-gallery-at-frosty-faustings-xviii-2026/attendees?page=1&filter=%7B""eventIds""%3A%5B1402957%5D%7D",60/30/10,340,1,Sat 1/31,EricMW,"1769889600, 1769965200",,,EricMW,recGivhvQuE1hWcyT,,,,,"Inferno and custom characters are banned.
Loser may reroll stage.
TiZ's Stupid Rule: If Bamco's garbage RNG puts you on the stage you just fought on, both players may agree to reroll until a new stage appears.",,Thu 1/29,,,,,,,,
1,,p.skelly,Sun 1pm,True,p.skelly,True,,https://www.start.gg/admin/tournament/vortex-gallery-at-frosty-faustings-xviii-2026/brackets/1402971,"recgweDOaiLTTbKRj, recrbo9S45cWW1Ul9, recRlFj5DCIi9yzIC, recc5oZ5ii4hBbfZh, recqmDFlsey5Lmoo1",Street Fighter Alpha 3 (MiSTer),https://twitch.tv/vampirearcadia,29,,https://topinfinity.org/?game=9012&event=1402971&theme=vgffxviii&teams=0,Sun,1.3333333333333333,@pskelly86,Street Fighter Alpha 3,True,True,"@ailerus.vampirearcadia.com, @MiniMaww, @2Old2Furious",145,Sun,2025-09-20T05:39:30.000Z,https://vortexgallery.moe/info#SFA3,,Street Fighter Alpha 3,29 / 32,"WyCry (he/him), XagrandK (they/them)",3,recDMtSyDOzEsspF6,Patrick_Skelly#1010340,1,"rectkFUhp5fj6Zz41, recdU9r7lFyKJJNec",recgF4EUwg1yzChkK,0,True,91%,2/3,https://v5.airtableusercontent.com/v3/u/57/57/1790683200000/1kbaj61uKHPJ-ajsVdZRQQ/maQXxWe4oGG_tPnL-j6YEucm4T3CNZryvegkBzLCcqg4mHpW6lkQXwu4ntG_T2eMaIJTm2Huvj5RGsOMQn6lWP94Np-E-duW71A1KqVFuNrlIa8T9KI8POlju2za23FS0b7ohdlzW-kxt_HElbGP5AXSM-_KrZspgoh1F3Hn7Mc/SH1XcfQmloLTKvq4XG5xZ5wFiUqKZPsjJsGGhRLvoTA,True,https://www.start.gg/tournament/vortex-gallery-at-frosty-faustings-xviii-2026/event/street-fighter-alpha-3,5,4,03:00pm,,None,https://drive.google.com/uc?id=17Y9H2Ezb_5ZwMBUtX3fz0DFPOuCvldI4,"recgmNvxPeUc0EnJt, recdbLUOq5dYK4edS","receO5Odo7gMKSPSR, recLRvB2InvCLmodq",9012,Sun 02/01 06:00pm,recGxAhmnDQdg1voh,recZmYHrVljDe1TBe,https://v5.airtableusercontent.com/v3/u/57/57/1790683200000/-DHwIThLt5QPxGuu2QwWIg/TopHgd-wA2H9PscFW7P7n0USPJuKuFiFF5DjXxVJHl832pSOsFolUIxuZRjUlz90ZSrPn4-1V1GVaulVdXnavMXP2aTzjXYMQxVnWiSyQQ1UHnoJ8vaIc23DHGWkw0UzjMATmfhS6xoIKufaU25qARvdLa3LHTEwtQJZt2nEihg/P8JCOHl0KZC-8SYq-BVrcOAR9QIx93s_PQOWq1FUJDg,SFA3 (MiSTer),06:00pm,2,Winner must keep character. Loser may switch.,True,"recIAys4D3vVG195Q, recz8iwUiF9RLhh8Z",0,1,4,4,01:00pm,Fri 1/30,MiSTer,Confirmed,True,32,recy7F9aUuPj8tmiK,Alpha 3,recj8ySkUkS141BnS,P.Skelly,3 Hours,4 Hours,1 PM,rec9CqOHfJfWxQIwL,https://matcherino.com/tournaments/158932,2026-02-06T03:26:32.000Z,recgF4EUwg1yzChkK,recmBjxEd8VtFaxAR,,"recciGlcRLhYni9RH, reczbhGptgMOtDkoc, recoQpuyCEBQ5bqWx, recaaG0feY6QNwrrQ, recX2oOEgzPe4j0J7, reckHHMJDivOxpARq, reccvHcYn19Bs3PZb, rec4SALbp4oBthdc8",Collected,https://v5.airtableusercontent.com/v3/u/57/57/1790683200000/x2wVeGKNOhvAT1026z_IIg/CcM0fhju6LbEr25sBK1nQPxvgKeC4MpEj1A0rJ1hZGHuOnuSNUEbf3PY1tq9SRMh5xAL-fKp-FfKiPGadKmqaWljhLFJq8OAXJsL9sIB632opLMM-XoeV20x4udQ1Hc36ChPI5-KgaG3Nb-So0EqoLVIB6Enn1EYWJISSNOo4OWnF3mNm9kNhNeE-GTE2z_J/-yaPAaWnNdfQZ6iMlM8iS9bzlqICL8QLcPSjQkX8E9M,Alpha 3,recsjzSn9OyxGku3g,https://matcherino.com/tournaments/158932/admin/general,1,Double Elimination,https://twitch.tv/vampirearcadia,,Sun 6pm,,https://www.start.gg/tournament/vortex-gallery-at-frosty-faustings-xviii-2026/event/street-fighter-alpha-3,12.25,,9c49a60b,https://matcherino.com/tournaments/158932,5,Sun 02/01 01:00pm,recuyaR0KuW8xihwm,SFA3%20%28MiSTer%29,1402971,1st Lineup,receO5Odo7gMKSPSR,"None, VMP",True,"3/5 Games for Losers Finals, 3/5 Games for Winners Finals, 3/5 Games for Grand Finals","WyCry,XagrandK","reccix2fmrQ7uugQL, recJGX00iZQRUWfbP, rect90KuvDv5ThUJu, rec5JVOb6iWui5a7G",2/3,"@DrWyCry , @xagrand",9c49a60b,Alpha 3,SFA3,"https://www.start.gg/admin/tournament/vortex-gallery-at-frosty-faustings-xviii-2026/attendees?page=1&filter=%7B""eventIds""%3A%5B1402971%5D%7D",50/25/15/10,145,1,Sun 2/1,Greatkat,"1769972400, 1769990400",,,,,"https://github.com/originalgrego/sfa3ce

This mod lets us use all default settings.
It also allows for stage and color selections.",,,,,,Thu 1/29,,,,,Hagure is awesome. That is all.,,,
1,,DoctorSc1ence,Sat 11am,True,DrScience,True,,https://www.start.gg/admin/tournament/vortex-gallery-at-frosty-faustings-xviii-2026/brackets/1402956,"rech7oLkF9z5DJL2I, recxPC6l0W2PAsmdI, recG7yg7IqTbpoJ3K",Tatsunoko vs. Capcom Ultimate All-Stars (Dolphin),https://twitch.tv/matchstickmelee,22,,https://topinfinity.org/?game=22408&event=1402956&theme=vgffxviii&teams=0,Sat,1,,Tatsunoko vs. Capcom,True,True,,110,Sat,2025-09-20T05:30:42.000Z,https://vortexgallery.moe/info#TVC,,Tatsunoko vs. Capcom Ultimate All-Stars,22 / 64,"DoctorSc1ence (he/him), jmcrofts (he/him)",4,recNoFPqTpKzeIXRe,Tatsunoko vs Tour#610825,1,"rech481B33acmHfYZ, recTAMiYb3gJp8auL",recxMC4P6LO0TmJ5y,0,True,34%,N/A,https://v5.airtableusercontent.com/v3/u/57/57/1790683200000/0saVX-1rib97RWLfD2RFTw/h0DJofgeasssDeaEY7oNWln7NjObCBQNHqiF24TcOQQjxPeke9KP_9tJufhPe9BRvHp0FLoJnaZYtdCmtRNocJLzFi1khcckaCawJGQCtgoG61O1wot2fe37tc-agkAwKfsg55PYPB17fCThk-JxOPiH1U-mMQzwcJDoBVTileE/zeOWTFLz9bXuOP9Ld9hlBNmxDliTW2pRwjMScCVdpkc,True,https://www.start.gg/tournament/vortex-gallery-at-frosty-faustings-xviii-2026/event/tatsunoko-vs-capcom-ultimate-all-stars,3,4,01:00pm,,None,https://drive.google.com/uc?id=1V-6AeRK8y0iNGvXT8S3JUilIvYT4Pqx-,"recJCp2XboVngsLqg, recnepWbCkxf0YkZc","recwnNUhHGQ0qTIRv, recDBhIiT65wcu73L",22408,Sat 01/31 01:00pm,"recFeA2jbqbhWQaXZ, recdsDuukxdz3VSMv",recZ5zj2Z0TajYP3t,https://v5.airtableusercontent.com/v3/u/57/57/1790683200000/lx5xGjZJpFtJPIlaSqCIfA/NQLQhnk2ucQKX-ip1uVyjiCn3q_lffu9FTseJ1YW-9jy-NuS3sC_wxUg9CiWl9NU0QAw4ylaWaIoS2k7WUGqcPx2BO1_R1QFynZrfY7gPO3h_T02OOklflz3avTy7UH3FiBl_cNnRR0H_XHmDD8ZHrEKDh_dibAJh2ZsQTdhEnI/PKLQCL60_x07pw4kN_vGxJmT8gstuNLR3ixBjQnOSQY,TVC (Dolphin),01:00pm,2,Winner must keep character. Loser may switch.,True,"recNoFPqTpKzeIXRe, recvKKecQQpXVJp1g",0,0,4,3,11:00am,,Dolphin,Confirmed,True,64,recgPgYlaHybk3gNi,TvC,recuE36yHBFzSi0I3,DoctorSc1ence,4 Hours,4 Hours,11 AM,recNoFPqTpKzeIXRe,https://matcherino.com/tournaments/158936,2026-02-11T00:29:31.000Z,recxMC4P6LO0TmJ5y,recGJEbB4czrZ5IS8,,"recYuPJuDqlxPqfx5, rec6c1cVHJCBZflA3, reckT3V8fByPzFNeW, recwaiNmbrJRSkRKq, recwjbF1apNTP0q93, recH2vvEY9f9V65FP, recOLxAyABoJj2VY9, recfetUGOSIYtTYMw",Collected,https://v5.airtableusercontent.com/v3/u/57/57/1790683200000/2l-ZiNR5oNyI-xB2NtHZaQ/9s5j25prUMtBsa2qU8Oh1JZZwR4gbmAZz-1F8xwm31s2AewTUP9vWQrQySQ8dm--T_Lnk5vAwhzxHcmBxXLakG1i_8ngofJgRgs0Apccn63VVMduMIcFlNE3UDrVeQPn7FvJ7y8JgYaOd4o0NxIWjp2C5AZRFrnyHiu56sEIsAlP4MQDyhkfguW6g-raoyKe/97TzhuGCCSTSqpo7PJqBoF72kklx2aDqGysQcwbLXuw,TvC,recq7ToNtgJh2wxEw,https://matcherino.com/tournaments/158936/admin/general,1,Double Elimination,https://twitch.tv/matchstickmelee,,Sat 1pm,0,https://www.start.gg/tournament/vortex-gallery-at-frosty-faustings-xviii-2026/event/tatsunoko-vs-capcom-ultimate-all-stars,337.5,,cc095671,https://matcherino.com/tournaments/158936,5,Sat 01/31 11:00am,recAHJFZMMEWCGAR5,TVC%20%28Dolphin%29,1402956,1st Lineup,recwnNUhHGQ0qTIRv,"None, MM",True,"3/5 Games for Losers Finals, 3/5 Games for Winners Finals, 3/5 Games for Grand Finals","DoctorSc1ence,jmcrofts",,2/3,@Crofts,cc095671,TvC,TVC,"https://www.start.gg/admin/tournament/vortex-gallery-at-frosty-faustings-xviii-2026/attendees?page=1&filter=%7B""eventIds""%3A%5B1402956%5D%7D",60/30/10,110,1,Sat 1/31,DoctorSc1ence,"1769878800, 1769886000",,,DoctorSc1ence,recNoFPqTpKzeIXRe,,,,,"Burning wasteland stage is prohibited
No special rules surrounding Giants",,,,,,,,,,
1,,-ZAN,Sun 3pm,True,catuscarnival,True,,https://www.start.gg/admin/tournament/vortex-gallery-at-frosty-faustings-xviii-2026/brackets/1465730,"recbV4OErKAaTt8vR, reczd1t3D9AofZmSh, recwB8h1pZ5M5Ftgw, recW8p4kOUqxFswYP",Tetris the Grand Master 4: Absolute Eye (Steam),https://twitch.tv/ugsgaming,20,,https://topinfinity.org/?game=92248&event=1465730&theme=vgffxviii&teams=0,Sun,1,@zan.puyo.us,TGM4,True,True,,100,Sun,2025-09-23T21:42:34.000Z,https://vortexgallery.moe/info#TGM4,,Tetris the Grand Master 4: Absolute Eye,20 / 32,"Phenotype (any), Big Wolf (he/him)",3,recl3g9ukKrvLdZyM,-ZAN#911584,1,"recutnetNRGMtRkI8, recglJq5gUcg79oHM",reca5R6jcnOHP5KAC,0,True,63%,2/3,https://v5.airtableusercontent.com/v3/u/57/57/1790683200000/uy0sH2U_d5RnHgvOtCYqyQ/UyuRYYhNxWJHXYGP6w6DCOhRjywZSWyzQOyu0zxv6OH1GEnp20XBUKKBHYGX9dZivISmGPlMhe5mJcdzD85CwdAimCEI4ct-bobkTWEAGjwRsBjrBQGC6r5yHspYMf7n8JCdldBOtI-huXl9S0jZcjTgP2hK3eX6SyF6yJ5AYDk/HpB2MyLxhDqi6XcAu6fXpfUdAgojBwvK-vNmCF961oY,True,https://www.start.gg/tournament/vortex-gallery-at-frosty-faustings-xviii-2026/event/tetris-the-grand-master-4-absolute-eye,4,3,05:00pm,,None,https://drive.google.com/uc?id=1UxJNQDA4GxpildjwvtP13z3yRopsKyo3,"rechSIXfO76CcWFfO, rec5a9YnmgeZ3w10K","rec3GVT4bvRDEbPm2, rec3rGhvvX8R1ZZ9b",92248,Sun 02/01 07:00pm,rec7RHVjlvx4X7d5V,reczJRjfXgIlKyvMT,https://v5.airtableusercontent.com/v3/u/57/57/1790683200000/_oeyxvPe_C1x4eU1w2KUOw/3lVSt1ydVb56SDq1RsQpkopyz7GWcT3EFy9rnipi45C4DK82VtNcySjqexg25DWXtMP1pHPWNI9WkgIaEoQI6TDFyIGrRiHr6dKF3OKrUJAFwYemS6zOw8ziqpZg4Xpa9VOrw-IS4djsglPvQba7WRMbMeRsnTl47mYdM6OkMNE/hYdVm8gyfHvoFIHj1q7Bvnl8NR3s2QlzvlA7yYRWh28,TGM4 (Steam),07:00pm,2,Winner must keep character. Loser may switch.,True,"recLkFByYAV9d4FCq, rec5nsRPCCh37sIPA",0,0,3,4,03:00pm,,Steam,Confirmed,True,32,recNaUFNnM2RAdyrU,TGM4,recFXtHL52y8W8i1d,-ZAN,4 Hours,3 Hours,3 PM,,https://matcherino.com/tournaments/158935,2026-02-10T19:03:37.000Z,reca5R6jcnOHP5KAC,recwCPMSKnJzZOtYf,,"recKcdptYsmPGYSiD, recvikEeZOuycp09f, recay4ETelnwbFLNL, recIcTxcmEucOs2td, recHbzDWsjo0Q0e6N, recM4qsUn27nI5o4p, recglCqIZVznPRxYM, recV8e7dZE65AN3na",Collected,https://v5.airtableusercontent.com/v3/u/57/57/1790683200000/eErwWvRbKXElhpB8Cdf-Nw/ziS2fQ4B723lJi9bzIEXIjuD5PeMKSVJeFON5-CxU2WGu_beBClR4ADC4lUARr7-NapZCnEEztsnH8tnKNbnpFl9cae16EEFrqHVmus2wU04pvXD5oUzDH3lcdZohYuB8CrbG1EDaSdtloJjwbne4vxgrKqvxcU9RRDjasYZkScydZdGKSNRNPgi9OrHapVL/_yXw8uWaLoOJGMcEoun_R09KbSir4Nqp1NE5XvT6ktM,TGM4,recWhY5XqcZagROcT,https://matcherino.com/tournaments/158935/admin/general,1,Double Elimination,https://twitch.tv/ugsgaming,,Sun 7pm,0,https://www.start.gg/tournament/vortex-gallery-at-frosty-faustings-xviii-2026/event/tetris-the-grand-master-4-absolute-eye,167.5,,a250f3c0,https://matcherino.com/tournaments/158935,5,Sun 02/01 03:00pm,rec9RrmeOOvg1xGZd,TGM4%20%28Steam%29,1465730,1st Lineup,rec3GVT4bvRDEbPm2,"None, UGS",True,,"Phenotype,Big Wolf",,2/3,"@phenotype.bsky.social, @BruceMcGregor.bsky.social",a250f3c0,TGM4,TGM4,"https://www.start.gg/admin/tournament/vortex-gallery-at-frosty-faustings-xviii-2026/attendees?page=1&filter=%7B""eventIds""%3A%5B1465730%5D%7D",50/25/15/10,100,1,Sun 2/1,,"1769979600, 1769994000",✓ $105 -ZAN,105,"Phenotype,derbster,-ZAN","recLkFByYAV9d4FCq, recgxxInsSkaqgrf5, recl3g9ukKrvLdZyM","- Quota: 300 levels / 4'00"" timer
- All game settings set to default, except:
  -- Player vs. Player Settings - Garbage: TYPE 2
  -- Next display style in operation mode TGM: TGM
  -- Display input during game: ON
- Players may mutually agree to toggle Diagonal upperward input and Diagonal downward input",,,,"- First set takes place in Shiranui VS. Loser of the set may counterpick a different mode
- Both Standard and TGM control types permitted
- All USB controllers and keyboards permitted provided they are recognized by Steam / TGM4",,,,,,,,,,
1,,thorntheletter,Sun 3pm,True,thorntheletter,True,recToVNed3i8xEAQL,https://www.start.gg/admin/tournament/vortex-gallery-at-frosty-faustings-xviii-2026/brackets/1497261,"recWgJH0of22CZEaW, recWonX0GP7CKJI54, recskJKwY2okj5jGA, recOjsNyaWXji090U",The Queen of Heart '99 (PC),https://twitch.tv/ugsgaming,21,,https://topinfinity.org/?game=61633&event=1497261&theme=vgffxviii&teams=0,Sun,1,thorntheletter,Queen of Heart,True,True,,110,Sun,2025-10-14T03:32:10.000Z,https://vortexgallery.moe/info#QOH99,,The Queen of Heart '99,21 / 32,"thorntheletter (any), Razeq (he/him)",4,recWMjAg0jE4Xi4yj,thorntheletter#957944,1,"recur0OFH18dFFZlU, recBPuUxeQeNxaXdk",reca5R6jcnOHP5KAC,5,True,66%,2/3,https://v5.airtableusercontent.com/v3/u/57/57/1790683200000/mpPoBfW0t4h6r4ZciUKjDA/fGh5VIiu4hNSJrSPx4hhnj8mgR8jHgJ0AtofhWjk6f_l3vQFRU8ThQMfLLmEycMjMNuU56ch19qRo3LUGbxdBYKv-8bFmWn4FoeGB-e4OvH0gdlC9XrdQirqsjCly7Wg3XkAFWMIHI73-tsSqje6q3zD3BtApGfPjR7R0UWmZbc/Nf6u5e-WttviAXCwicGoDgA0dxT-3tOkEXIx2T7pJ7g,True,https://www.start.gg/tournament/vortex-gallery-at-frosty-faustings-xviii-2026/event/the-queen-of-heart-99-dream-match-never-ends,4,4,05:00pm,,None,https://drive.google.com/uc?id=1t06nM3KVevM-3HmTixMrt_K-vgT2t0lW,"recqQQpSfOhJxkqyZ, recQ40512JY1xTpHL","rec3GVT4bvRDEbPm2, recNWvKA3ZAvsoi2l",61633,Sun 02/01 05:00pm,recVkShvMfVJfDPKj,recRwOZSyHhGViDNi,https://v5.airtableusercontent.com/v3/u/57/57/1790683200000/A_aEeiBXLxbZwoaOcdxVRg/gQbvS-ANX7pIwDw7Iwhy4uhAlmHz7cbF7zd0p9a78QuvtF20mu3inDNxhvOj9J0dxgTuhY6CieGH7Co2Fl9SUo9DBoVE9_SQWSZyuA7ADqlBJKnWcuhIwFLxVW9t6VcDumF7hc9t87utUrsBXdTBKKxYftLbn60-5htnzTxknBw/-yLW14H9a6VBX7XEi4vc1wfAx7YhnqLm8sjSEf2PY7w,QOH99 (PC),05:00pm,2,Winner must keep character. Loser may switch.,True,"recWMjAg0jE4Xi4yj, reclSRheSUmlMa9vZ",0,0,3,3,03:00pm,"Sat 1/31, Fri 1/30, Thu 1/29",PC,Confirmed,True,32,rec1Q7qW8gzf7PKdi,Queen of Heart '99,recUbxXH7DRDsWrt5,thorntheletter,3 Hours,3 Hours,3 PM,recgautovOmBiR2Tk,https://matcherino.com/tournaments/158948,2026-02-10T19:01:06.000Z,reca5R6jcnOHP5KAC,rec3kORYmVmgLfDOB,,"receCBgL7B8yGEgWk, recxAu8plKWz1dF6f, rec46YKekTaVQKGgw, recNgrwUGDxp2ww0I, rec3bwUbWeoI87CoW, rec4JoCIlxyICt1qu, recIkUKTTts2m7zbO, reczBjMZoSErL1Tkw",Collected,https://v5.airtableusercontent.com/v3/u/57/57/1790683200000/ls72bVlxcrfnHfBwkfvPcQ/7Y0fVJ1nnpLHhqjSdSUzy4aeTaioJycZYKYjXdO0qfM72yygOId7NsqW0Q_-g827-QIv2dbG32wS-2y1_hr3qRoHbXeJKeP3gdsXHwKVeAQuk-otkYu__Z3POsQRtExapOk-NJyHFoFB0yq28WlbKneEyocO6ysq8fpen8_aUbFsuoeK-ZOH65k3G5vnfc4d/0XJbNHzc7gYtEAhtc5_3J5b1lGW1co0lNJ2rsT1eBmA,Queen of Heart '99,recUTDtHkKsAuW7Tu,https://matcherino.com/tournaments/158948/admin/general,1,Double Elimination,https://twitch.tv/ugsgaming,,Sun 5pm,,https://www.start.gg/tournament/vortex-gallery-at-frosty-faustings-xviii-2026/event/the-queen-of-heart-99-dream-match-never-ends,112.25,,a7ae2760,https://matcherino.com/tournaments/158948,5,Sun 02/01 03:00pm,reckpuDRdW2rEPYyg,QOH99%20%28PC%29,1497261,3rd Lineup,rec3GVT4bvRDEbPm2,"None, UGS",True,"3/5 Games for Losers Finals, 3/5 Games for Winners Finals, 3/5 Games for Grand Finals","thorntheletter,Razeq",,2/3,"thorntheletter, @RazeqFGC",a7ae2760,QOH99,QOH99,"https://www.start.gg/admin/tournament/vortex-gallery-at-frosty-faustings-xviii-2026/attendees?page=1&filter=%7B""eventIds""%3A%5B1497261%5D%7D",60/30/10,105,1,Sun 2/1,Kokuuga,"1769979600, 1769986800",,,,,"- Guard: Manual
- Handicap 3
(these are defaults but can be changed pretty easily accidentally)","ddrawcompat: download and put the dll in the folder
buttonbinds: download the .exe and the qoh99 config, ",,,"- Losing a game with Tiria, Comic Mode Serika, or Rapid Ayaka counts as losing 2 games.
  - You can only pick them when losing 1 game would not result in losing the set.
  - Outside of finals, they can only be picked at the start of the set, and losing 1 game results in losing the set.
  - During finals, they can be selected either at the start of the set, or after losing one game on an unrestricted character. If selected at the start of the set and the player loses, they must swap to an unrestricted character.",,,,,,,,,,
1,https://twitch.tv/matchstickmelee,BLACKATLAS,Thu 5pm,True,xblackatlasx,True,,https://www.start.gg/admin/tournament/vortex-gallery-at-frosty-faustings-xviii-2026/brackets/1477611,"recVV9qOMnFZxOXQm, rec1JadkHRxH7JEA3, recLa6L3i4ptdhcRe",Them's Fightin' Herds (PC),https://twitch.tv/matchstickmelee,20,https://twitch.tv/matchstickmelee,https://topinfinity.org/?game=1150&event=1477611&theme=vgffxviii&teams=0,Thu,1,@chocorainbro,Them’s Fightin’ Herds,True,True,"@matchstickmelee, @StoveFGC",200,Thu,2025-10-08T00:11:32.000Z,https://vortexgallery.moe/info#TFH,,Them's Fightin' Herds,20 / 32,,4,rec4cnh9Ykzn1nj9n,PAG-BlackAtlas#706859,1,"recdLgQpkKfwtTdDW, recEPl8o4r1DqSqzb","recxMC4P6LO0TmJ5y, recxMC4P6LO0TmJ5y",0,True,63%,2/3,https://v5.airtableusercontent.com/v3/u/57/57/1790683200000/ApWudQbPR-mR7_2t2JqkVA/rFjqelw_TGe3FLGVytK9lFLuCnJjizpRqe5qA8FkRL72tIhxtPRrVeKqJNftzRHIUgX4fkishgpO98hw9N89Q1cDycRgmSSmyxi3Xt7z6gFiZihGOirPixrZZm9iePu5QbvaBCTFmDd2ZuFjLEaWlA/jYwzouyASia0H9BcP8gKOhXdfxg-ciqex8JNj6CLa1k,True,https://www.start.gg/tournament/vortex-gallery-at-frosty-faustings-xviii-2026/event/them-s-fightin-herds,3,4,07:00pm,,None,https://drive.google.com/uc?id=12gCC_TE6DMqOkd0R_tovGcr-wArj19nT,"rec7NVyDc4PVTBnUb, recQg8yduNHCBLKsr","recjcuDta6THSG7hZ, recTH24RUq4RNEOcM",1150,Thu 01/29 07:00pm,recZ60Dr8wooxLpsd,recU2E6grg302BQrL,https://v5.airtableusercontent.com/v3/u/57/57/1790683200000/mBX3tVlsfP4U-A-SLofeOg/4zCS_3Vv9nfHWohKL3G7dtPTonshPW5Y8xxK7m5uFzqmQCIq9aXUHnDFQqckZDcwy2A-yA4JHRfe1fvFZn6FTo6MmBom7KBiUJJNEafa2xoN17ue5DWw_VucpN4i-OxQtZREONW9m5aYAJporbzLiGna0dfI-J7B6RHHCpCaEZk/HAnqOeBbWKOJiYjHEy8omK2Yh1ozwQvf8H9KjIPqpjA,TFH (PC),07:00pm,0,Winner must keep character. Loser may switch.,True,,0,0,3,3,05:00pm,,PC,Confirmed,True,32,recyrMjVYQccTgRY5,TFH,recSyKxt9AFSxeg41,BLACKATLAS,4 Hours,3 Hours,5 PM,,https://matcherino.com/tournaments/158952,2026-02-10T23:58:54.000Z,recxMC4P6LO0TmJ5y,rec0Gieokl2rNO0RR,,"recPlldmHHMRfofxI, recTqr7f4hd0InPz6, recWa3uRcM4UfyGKH, rectD8vJfQQi7QN1w, rec9fa82FsKrwzfMB, recLCDeMKZvqALC2y, recLBbgMLBlZFFUnJ, recj8EoqCegdfxv2K",Collected,https://v5.airtableusercontent.com/v3/u/57/57/1790683200000/eV5dVkDnEqDPhcFC7Gf9UA/f66yWpNZqxH8fvjisMTGlIzrFoy28YEDmI3DS5De_Bm0Hk--Ll_4ScS8u6G-jg6USXpv0mCNLmo6JaEpPqVybZfZ-08frEXVxmqTolyDzWKOp8fvN2Sco_KlpwRDloU_Ds45aEuSlqweHxZUSndljwVSeCCItdImSlquuGPP7OZVj94K5N6xWOzkATDpz1ATPcJ8pH1QBd7Jrp0pTqWdeQ/Za7t6Fvu7DWAMdShftJRnrUqGfZEgD0RePSjUgLy5Kw,TFH,recUTDtHkKsAuW7Tu,https://matcherino.com/tournaments/158952/admin/general,1,Double Elimination,https://twitch.tv/matchstickmelee,MM,Thu 7pm,,https://www.start.gg/tournament/vortex-gallery-at-frosty-faustings-xviii-2026/event/them-s-fightin-herds,37.25,,a3c65f9a,https://matcherino.com/tournaments/158952,10,Thu 01/29 05:00pm,recPsfIRjy7wwCPyB,TFH%20%28PC%29,1477611,2nd Lineup,recjcuDta6THSG7hZ,MM,True,"3/5 Games for Losers Finals, 3/5 Games for Grand Finals, 3/5 Games for Winners Finals",,"recArWegKoDSPuCZE, recot9Z3qqXGv5m5o",2/3,,a3c65f9a,TFH,TFH,"https://www.start.gg/admin/tournament/vortex-gallery-at-frosty-faustings-xviii-2026/attendees?page=1&filter=%7B""eventIds""%3A%5B1477611%5D%7D",60/30/10,200,1,Thu 1/29,,"1769727600, 1769734800",,,,,"Default Settings 
MUST PICK RANDOM DAY ONLY or a pre-agreed upon stage. 
BAIHE IS HARD BANNED, Nidra is allowed barring her ""Ruby Heart Glitch"" (THIS MAY CHANGE IF ANY OTHER GLITCHES ARE FOUND THAT ARE GAME BREAKING)",,2-4 Leverless Controllers (Brand TBD) ,"If you are playing Nidra and Activate the ""Ruby Heart"" Glitch, you will forfeit the Round, if done twice, you will forfeit the set. ",,,,"If more than 32, Top 8 will be Paid out.
42/20/13/7/5/5/4/4",,,,,,,
1,,Tessiro,Fri 8pm,True,tessiro,True,recNMoo5jcn6l4JGu,https://www.start.gg/admin/tournament/vortex-gallery-at-frosty-faustings-xviii-2026/brackets/1402945,"recee8eutu2xhgD8z, recgXvZVmRQDvSrUZ, recuzldoRfeHdPdY9",Touhou 12.3 Hisoutensoku (PC),https://twitch.tv/matchstickmelee,33,,https://topinfinity.org/?game=33882&event=1402945&theme=vgffxviii&teams=0,Fri,1,@Tessiro48,Hisoutensoku,True,True,"@matchstickmelee, @StoveFGC",165,Fri,2025-09-20T05:30:37.000Z,https://vortexgallery.moe/info#SOKU,,Touhou 12.3 Hisoutensoku,33 / 64,,4,recONZMPjA6F9vipo,Tessiro#271828,1,"recfds8me8qPaN6Sw, recK49wYwtxN3iJmv",recxMC4P6LO0TmJ5y,0,True,52%,2/3,https://v5.airtableusercontent.com/v3/u/57/57/1790683200000/NA3earBEno3zH33TRsY6BA/l87WAmmpmGmMgKznJmrkEzUdZ9Uv4aF6wpFPI5kI_LoP3nRvKxCgL_3Rpb0wBxfSUfmduTGdn4leVgOIEX7GWrbAv93TXU_5mcYGgE22oodzVzFiHMrHysJ3eUAtuDm3699Y2C9SNDVdM8DgoRfQ2wcLjDoKFBIZpq9Wk9--IRg/1qc4bo6ijbdKE-Bi3XrgQ2b7CyOf8XkM1pTG9gtf3Ps,True,https://www.start.gg/tournament/vortex-gallery-at-frosty-faustings-xviii-2026/event/touhou-12-3-hisoutensoku,3,4,09:00pm,,None,https://drive.google.com/uc?id=1poAITyeomleb5UfKK0CAr8ilCMubHt75,"recrOrAUErOukwB3r, recMjsR6OscwxAGZA","recq3xfclisBk52RG, recGAEMIw0b5wvA0I",33882,Fri 01/30 06:00pm,,recVFWDcZGTg4ZJi8,https://v5.airtableusercontent.com/v3/u/57/57/1790683200000/JYXZRD3KdvvGeOuzXLyj3Q/_pk-eY0ageg0XYif5ictITLwccQNehxnM_S_yY_uLdkHI6TToVcmUIwEMlmOxoHl3WcEOSOo7hqbivjCBvQZvDvTZXY3up0BkrCw8WQr66uwpU5sYdBHpDvY4JOPbK4m5ReDmTdqiCUsNuSu218Wo7jiIBsTZNlWTOZMzIRHOG4/wNL0t6r_UV6l7ZA1A8_1j2nz32ZjoQ9kn-bXvJXfqb8,SOKU (PC),06:00pm,0,Winner must keep character. Loser may switch.,True,,0,1,3,3,08:00pm,,PC,Confirmed,True,64,recYQJSauOpD3TIZC,Soku,rec0RC83OJlMLzFBP,Tessiro,4 Hours,3 Hours,6 PM,,https://matcherino.com/tournaments/158934,2026-02-06T07:14:14.000Z,recxMC4P6LO0TmJ5y,recyrusPqxFggkgH1,,"recBPu4riQzib9y6j, recvpM0lcGw1ARmb9, recRUWLYr6oKF06Q7, recGQYNzm7aCe1PuB, reccSec2DIXNFJjW3, rec349bWgosaYA671, recTlvqVw128PYDxV, rec5yHtukOKHCFfvo",Collected,,Soku,recUTDtHkKsAuW7Tu,https://matcherino.com/tournaments/158934/admin/general,1,Double Elimination,https://twitch.tv/matchstickmelee,,Fri 6pm,1,https://www.start.gg/tournament/vortex-gallery-at-frosty-faustings-xviii-2026/event/touhou-12-3-hisoutensoku,22.25,,bbc61bad,https://matcherino.com/tournaments/158934,5,Fri 01/30 08:00pm,rectgiI6I9t3B5BXF,SOKU%20%28PC%29,1402945,1st Lineup,recq3xfclisBk52RG,"None, MM",True,"3/5 Games for Losers Finals, 3/5 Games for Winners Finals, 3/5 Games for Grand Finals",,"recArWegKoDSPuCZE, recot9Z3qqXGv5m5o",2/3,,bbc61bad,Soku,SOKU,"https://www.start.gg/admin/tournament/vortex-gallery-at-frosty-faustings-xviii-2026/attendees?page=1&filter=%7B""eventIds""%3A%5B1402945%5D%7D",50/30/20,165,1,Fri 1/30,,"1769824800, 1769817600",,,,,,,,,,,"Thu 1/29, Sun 2/1",,,,,,,,
0,,SonofGod1998,Fri 12pm,True,SonofGod_1998,True,,https://www.start.gg/admin/tournament/vortex-gallery-at-frosty-faustings-xviii-2026/brackets/1465718,"reccXmSSID8SyLQej, recjFOdmqoHTnWTjM, rec06H18Xi0JhzeTM",Touhou 15.5 Antinomy of Common Flowers (PC),https://twitch.tv/ugsgaming,8,,https://topinfinity.org/?game=37185&event=1465718&theme=vgffxviii&teams=0,Fri,1.5,@sonofgod1998.bsky.social,AoCF,True,True,,40,Fri,2025-09-09T18:52:32.000Z,https://vortexgallery.moe/info#AoCF,,Touhou 15.5 Antinomy of Common Flowers,8 / ∞,"SonofGod1998 (he/him), Razeq (he/him)",2,rec3lpf8xCCnr8F8O,SonofGod1998#1059551,1,"recDpTWCpuP1NiM1D, recUAZxdponMiBPEk",reca5R6jcnOHP5KAC,0,True,∞,2/3,https://v5.airtableusercontent.com/v3/u/57/57/1790683200000/0G6LsgGGap_0p0dkODzRJg/1Zz3M7Z8UQmwXH4ezKWCKvLKITib3bnV3zGvJvhEvoJhY1A9zFIO_2LyiPMc9P2UqkUo9z_BpDtpKF9KjBXBRbADQAXzekrS0jHsNM9vWRFyuRlHK4KZ0rjBs09j39s80oejHwe3lclKa_q-Z0tigg/LVDYXhNXV-cfgC-jqFnwwsei6IUK7VS9Lz2HQhE6s7g,True,https://www.start.gg/tournament/vortex-gallery-at-frosty-faustings-xviii-2026/event/touhou-15-5-hyouibana-antinomy-of-common-flowers,3,3,02:00pm,,None,https://drive.google.com/uc?id=1qNFRX2v1hS5ZAIoJHwIo6oE7gtKaHGTu,"rec1aIHgQWQgA7wEN, recg1w9Mt647iUFBV","recNmIMeieZQV90kv, recgnlcJ1gAcUoBns",37185,Fri 01/30 02:00pm,"recTnBgxcfgaQSKBr, reckBJk0UpVBYNtC6, recQ515mxyrjmftUK",rec5xg8NSfZX0ORdv,https://v5.airtableusercontent.com/v3/u/57/57/1790683200000/5MRN4wOUMqprezbHtXPTOg/HlA5EzZDvtuZd09IHUTaK1sxqpxPAL0zMHfktj0RPxffwuDU2pOW4cClwcuZMtJZ_tH8pQAmsBViWTJHiZkH3xafJOTAJiShw6hoofublN5veKTdKond8iL3bf9unVvpQlyR_Rrn3r2BeK8BEIwno2iYZnwj8S7W4Ku8BD1T7M0/KsaSSjj5GrE425DYm8cdQrdnHibu2vLTK0Pklevtxwg,AoCF (PC),02:00pm,2,Winner must keep character. Loser may switch.,True,"rec3lpf8xCCnr8F8O, reclSRheSUmlMa9vZ",0,1,3,3,12:00pm,Thu 1/29,PC,Confirmed,True,None,recGpUfHuW69ndtDd,AoCF,recsGkWkMkJ0KNkFd,SonofGod1998,3 Hours,3 Hours,12 PM,"recpdBbNorVCeDlKg, rec8w58D6P8Ut8sbi, recPqaSJR7PiIN3Gv, rec08HqFd7QdvpCZ0",https://matcherino.com/tournaments/158907,2026-02-11T00:25:16.000Z,reca5R6jcnOHP5KAC,recPt97aMGiCPBXOb,,"recGk6sDWKoVMz7W9, reczDbtXSZNSOPGoT, recLe6zsvehQEgWVA, rectvV6MAYZDZ2RKo, recZliR2awa5R484y, rec7ZKDPJm1pfpgeY, recxYLrLQHVOiwo0b, recTXuO5Tqc0RFS3J",Collected,https://v5.airtableusercontent.com/v3/u/57/57/1790683200000/1sDSG4c6kqXo3Hd6oTFUTQ/OEO346F6KOLvh9PyAJdX6fGzAEYyMz2rh5jvcN_njKybJ-1kcA5C_DuabWRNX6bMMrgOEHhSS7JoFSoWxAIDwN9aFm3bEPuZP7nB-zuvEVE9sX5_nLW0Tj30y6KKt6lygtnVLMh_hDdvXJIUfo-cuAingmBGF_zynZ1bVYAETTL6gicRxzvvgoSExbZpvPVe/galke6lYn-4aS4ODfY5lqkh6m8alKgllrP2hDr-k4Jc,AoCF,recUTDtHkKsAuW7Tu,https://matcherino.com/tournaments/158907/admin/general,1,Double Elimination,https://twitch.tv/ugsgaming,,Fri 2pm,,https://www.start.gg/tournament/vortex-gallery-at-frosty-faustings-xviii-2026/event/touhou-15-5-hyouibana-antinomy-of-common-flowers,2.5,,1fcef16c,https://matcherino.com/tournaments/158907,5,Fri 01/30 12:00pm,recO4D9LED2Z7b0yN,AoCF%20%28PC%29,1465718,1st Lineup,recNmIMeieZQV90kv,"None, UGS",True,"3/5 Games for Losers Finals, 3/5 Games for Winners Finals, 3/5 Games for Grand Finals","SonofGod1998,Razeq",,2/3,"@sonofgod1998.bsky.social, @RazeqFGC",1fcef16c,AoCF,AoCF,"https://www.start.gg/admin/tournament/vortex-gallery-at-frosty-faustings-xviii-2026/attendees?page=1&filter=%7B""eventIds""%3A%5B1465718%5D%7D",70/20/10,40,1,Fri 1/30,"Chrono Sanaki,deapest,Wishy,AYellowBox!","1769796000, 1769803200",,,"Virtigris,AYellowBox!","recW6IQ0j82MMGJm1, rec08HqFd7QdvpCZ0",,Starter Pack (quick installation): https://github.com/SonofGod1998/AoCF-Starter-Pack/releases/latest,,"If any intentional glitches are done, you are to be disqualified for the entire tournament. If unintentional glitches are done, reset the latest state in which the glitch occurred, gentlemen agreement allows for a full match redo.",,,Sun 2/1,,,,,,,,
1,,Tommytamsworth,Fri 1pm,True,Tommytamsworth,True,reccZKEq6Rq63J3hH,https://www.start.gg/admin/tournament/vortex-gallery-at-frosty-faustings-xviii-2026/brackets/1478424,"rec6H2izlfn9aZ16G, receccjQBnULOVvAm, recHmpyClxo8vpqF0",Twinkle Star Sprites (MiSTer),https://twitch.tv/ugsgaming,33,,https://topinfinity.org/?game=1929&event=1478424&theme=vgffxviii&teams=0,Fri,1,,Twinkle Star Sprites,True,True,,165,Fri,2025-09-20T05:40:08.000Z,https://vortexgallery.moe/info#TSS,,Twinkle Star Sprites,33 / 32,"Razeq (he/him), summerwithsai (he/him)",4,recaJFxDbVSSjcWFz,Tommy_Tamsworth#881679,1,"recZvQFBD34cU8STR, recPIFAwttxO4M3l7",reca5R6jcnOHP5KAC,0,True,103%,2/3,https://v5.airtableusercontent.com/v3/u/57/57/1790683200000/xYP37xrKTSbrdV8qJ5dnGA/28V336qzuq37xmx-9Ic-jyz1s5ZmNUhpu5374SNKyp6GXFkJTjd9m5GbO85hvontRWbmFCgamJreb1hnf7Q9PE9kPWyBylkRgbXMtG1LQ1AMSFAiTHM-puQ3szxq6QHmBo8mYn67rXLGZtoTMwBxjXivv5wNsxfcfsCSZBqmy54EJS9sdl03pS9v6hUQD7Qa/xFCn6vK5l0EfwT78G6GYsFQBKJVv1piLqtRl5x48eC4,True,https://www.start.gg/tournament/vortex-gallery-at-frosty-faustings-xviii-2026/event/twinkle-star-sprites,3,4,03:00pm,,None,https://drive.google.com/uc?id=1VVfJ05KxfaYrZ4VbXve7QLoiwAdZGZeS,"recCYlvabvixHmasc, recb0oz084bGZ2HIU","recdmevtG4OMpktvC, recxOcO2Ae2Trp5MO",1929,Fri 01/30 03:00pm,recdVLFlOJETch2Kz,recpl19jCET2uTKDC,https://v5.airtableusercontent.com/v3/u/57/57/1790683200000/9v8T4WMIlxEPDzzYsq_1-A/a4xVf1vRLDOecBMn6kW90evptrMEaL7hDjL1yJ-TMZ2KjZyjbpxrV-U7Om-02wVSa7dzYqxdhXBnZctvMk9LVY-l_JQWzQfK6JhuEuj1Fh7id7LylRhPwBX-Hk-YAqygeBEi_CXBKm5x8TEHRLoiM4NDfASDqH3AOUfYZhq9Vqg/Ylq_khAMMMfMlyPutFNKL979emtXxmz41-utA6hCCeo,TSS (MiSTer),03:00pm,2,Winner must keep character. Loser may switch.,True,"reclSRheSUmlMa9vZ, recLzPVx16ZOv4mCM",0,0,3,3,01:00pm,"Sat 1/31, Thu 1/29, Sun 2/1",MiSTer,Confirmed,True,32,recAT3Sdgo5bN5o2d,TSS,recaNLBbgAe0x4MJf,Tommytamsworth,3 Hours,3 Hours,1 PM,recm49P2WzKUcUrLH,https://matcherino.com/tournaments/158953,2026-02-10T18:43:58.000Z,reca5R6jcnOHP5KAC,recsfyE1SpoqTqP1J,,"recgEndkrosMbkgSy, recCjt1pH6Mf500cO, rech3t4t0cS9fnQWU, recMFJuNQfvEA6Mbk, recVS8OZnb4z8npGO, recFuubNuKXbxxzBg, recYX2EV2X7jJbdT4, rechy7FY8tnBa2GIZ",Collected,https://v5.airtableusercontent.com/v3/u/57/57/1790683200000/OCAN_cHUM12a4QbvnibB0g/RXPMyVCzT-DJXh8O1tx_WiBl5pLrBIbHZtko_396NFN5t5xkyR1vSMtitx9RqACT6FMc3CkN-nqp8jLMq-fxHjurLEl5Pdc0yhlQbskZk6zkYfJbnE8cMk43s10w_JfdMd2hk6hQCqt5pVvMNKkeZ1OmCSPnoI6ahc682o0D9lFJywXc5Xyh2TEDGfubSIwv/t6V5lRjdkbIJUG2HDcDNpJULtBjGR6qzKpKq4Dv6zhw,TSS,recsjzSn9OyxGku3g,https://matcherino.com/tournaments/158953/admin/general,1,Double Elimination,https://twitch.tv/ugsgaming,,Fri 3pm,0,https://www.start.gg/tournament/vortex-gallery-at-frosty-faustings-xviii-2026/event/twinkle-star-sprites,12.5,,42877dfc,https://matcherino.com/tournaments/158953,5,Fri 01/30 01:00pm,recuFQYg1wjuGlqcq,TSS%20%28MiSTer%29,1478424,2nd Lineup,recdmevtG4OMpktvC,"None, UGS",True,"3/5 Games for Winners Finals, 3/5 Games for Losers Finals, 3/5 Games for Grand Finals","Razeq,summerwithsai",,2/3,"@RazeqFGC, @summerwithsai",42877dfc,TSS,TSS,"https://www.start.gg/admin/tournament/vortex-gallery-at-frosty-faustings-xviii-2026/attendees?page=1&filter=%7B""eventIds""%3A%5B1478424%5D%7D",60/30/10,165,1,Fri 1/30,Skytanks,"1769799600, 1769806800",,,"Skytanks,Shiburizu","recm49P2WzKUcUrLH, recGZ2HnwzN8OemMO","Arcade MVS 
Mevious and Memory are not allowed",,,,,,,,,,,"This game potentially needs to be ran as FT1 until finals depending on how skilled the player pool is, me and skytanks thought 2 hours was enough to get through pools for 29 people. We were wrong, we needed 3. That was FT2 for most of the bracket on 4 setups, and only 1 dq. I am keeping it on ft2 for now but that may change.

Since this is a MiSter game, I expect my and other MiSter setups will be shared for other games that need them. I am at least happy to provide mine for whatever is needed

Update 1/23/2026 - CAP WAS SET ON START.GG AS 48. Noticed this when someone registered past cap. Set cap to 33 afterwards. In the interest of not booting anyone we are rocking with it.

Post Frosty Update 2/3/2026 - Skytanks and Shib Provided the additional setups for TSS. ",,,
1,,YFDHippo,Sat 10am,True,YFDHippo,True,"recYuaK9J64oDQdik, reclhzgvmkJmGqCcD",https://www.start.gg/admin/tournament/vortex-gallery-at-frosty-faustings-xviii-2026/brackets/1402944,"recbgRmngGYFsvGVj, recaTegntiq2GAkqO, rec7hALcDqPWS0JBD",Ultra Fight Da ! Kyanta 2 (Steam),https://twitch.tv/matchstickmelee,28,,https://topinfinity.org/?game=22403&event=1402944&theme=vgffxviii&teams=0,Sat,0.25,@kyanta2en,Ultra Fight Da! Kyanta 2,True,True,,140,Sat,2025-09-20T05:30:53.000Z,https://vortexgallery.moe/info#UFDK,,Ultra Fight Da ! Kyanta 2,28 / 32,"YFDHippo (he/him), Jawn d'Ark n/a",4,recGCftPTPt6cws7x,YFDhippo#721631,1,"recO59hT9EyWsJsdg, recnmxbdkYtRtzAlp",recxMC4P6LO0TmJ5y,0,True,88%,2/3,https://v5.airtableusercontent.com/v3/u/57/57/1790683200000/n5JQMPFkIG212nusRD322g/JRjG8F0b0kBR5uqtXzbQnVpd0bahf2sX29d3aOg6B1X1niYmjC84sqG1lZ5t8MTr0sodzOTPKsU-IfhxMeHkt-Xzh_F2jA7WMYb2NJ_5nsPN_xJDSloffpz--RS39hNPry0R5dZC5xOx2mkDCqabX30fpSde-TAQz-uhG9u-GBM/9dfdRxugebC98wxZLBYh71-nscKPcyiFmJyTv48O7Vw,True,https://www.start.gg/tournament/vortex-gallery-at-frosty-faustings-xviii-2026/event/ultra-fight-da-kyanta-2,3,1,12:00pm,,None,https://drive.google.com/uc?id=1mdFB3YJQZGHIHs5Qav0daNgIDtFOC1Jg,"recYFxWJNP4etBBzS, recTz38AEyxtNEDSN","recSl2BbNXkTCqcMb, reczip6elj7tHDAwc",22403,Sat 01/31 12:00pm,,recWJ0KvOf8Asix6A,https://v5.airtableusercontent.com/v3/u/57/57/1790683200000/eSYtjAw3CIeOsWQSLHuVyw/IY6mQzHXULWChIlg0sm3jA25ZulZqOv0XLEfJXmiEMF1kpi6iVIU22RUYrmNnTBcOKsImhBMGm6uE9oUwxoFMBTF1Hwkp7pRv2hdHCMXbwITtbGkSBCXJbDrykmO-ufpgTr4jh5aGxr1HefJ6ww-TtIVRva7b9xlm7Mq0C9pS28/xnEJkOX731MtfrW6pgFG6cluJVcWeEAnD44KjR6wNq8,UFDK (Steam),12:00pm,2,Winner must keep character. Loser may switch.,True,"recGCftPTPt6cws7x, recCHIEpk7yVezAgh",0,0,3,3,10:00am,"Sat 1/31, Sun 2/1, Fri 1/30",Steam,Confirmed,True,32,recshwfFLK6octxIP,Kyanta,recLxI9NAfB5i99nl,YFDHippo,6 Hours,3 Hours,10 AM,recCHIEpk7yVezAgh,https://matcherino.com/tournaments/158922,2026-02-06T03:26:32.000Z,recxMC4P6LO0TmJ5y,recMstBGbhgKPJgEq,,"recNPijT1FpcUOF0M, rech48L5OcGScnAsC, recVzaoPS3hgXmdDn, recEydw6fzNVAZ1yX, recdXuqZgfEexovx9, recActVx78EpXKVEh, recC2vjXBmDMir1N7, recubi9dSjIR1fN9w",Collected,https://v5.airtableusercontent.com/v3/u/57/57/1790683200000/Lk7yn5OyoVFxm6YvCwENcw/EpWs3lGHuExHsbGi7VzxShBi3gwev8QXWgcMp9xDuWfUd2YESqUMGff4ztJ-pJ2UynQjRmYm2a0sJ-VrUPgSWuKQ5lX8iwNIXLKX_mUXUJr4EBQCXVfwKCwYYt8FmXyLpuTqovRvlW8I8XdWwlFJFuRJqb2Ziwr1Oj00Yq79huWRXkcVftAegGaTyNLUHNDj/8EXs80DYoNpE6frm4GGvbSAAroj1GRXstdHqTmbEIKI,Kyanta,recWhY5XqcZagROcT,https://matcherino.com/tournaments/158922/admin/general,1,Double Elimination,https://twitch.tv/matchstickmelee,,Sat 12pm,,https://www.start.gg/tournament/vortex-gallery-at-frosty-faustings-xviii-2026/event/ultra-fight-da-kyanta-2,181.75,,d3bbec41,https://matcherino.com/tournaments/158922,5,Sat 01/31 10:00am,recxDiyeypCfz8Dgv,UFDK%20%28Steam%29,1402944,1st Lineup,recSl2BbNXkTCqcMb,"None, MM",True,3/5 Games for Top 8,"YFDHippo,Jawn d'Ark",,2/3,"@kyanta2en, @Jawndark236",d3bbec41,Kyanta,UFDK,"https://www.start.gg/admin/tournament/vortex-gallery-at-frosty-faustings-xviii-2026/attendees?page=1&filter=%7B""eventIds""%3A%5B1402944%5D%7D",50/30/20,140,1,Sat 1/31,Jawn d'Ark,"1769875200, 1769882400",100$,,YFDHippo,recGCftPTPt6cws7x,"Turbo 2.
Characters & Type locked on win - Order & Super change is OK on losing opponent going back to character select.",Steam install. Afterwards a shortcut to the game.exe placed on the desktop as the it has the best controller compatibility.,2nd place pig,,,,Thu 1/29,,,,,"In the case of Jawn D'ark being top 4, i will bust out the second hippo puppet, Uncle Hippo, and ill just commentate with myself. ",,,
1,https://twitch.tv/ugsgaming,UG| DJVest,Fri 10am,True,djvest,True,recl3WKSftmOPMCQw,https://www.start.gg/admin/tournament/vortex-gallery-at-frosty-faustings-xviii-2026/brackets/1402943,"recAszNolOqI7z7eA, recsjmx15UYYcGpiV, recpZpBTwO5FRmBKN, recJKuWqKKFlvzRXA",Ultra Street Fighter IV (PS4),https://twitch.tv/ugsgaming,44,https://twitch.tv/ugsgaming,https://topinfinity.org/?game=16&event=1402943&theme=vgffxviii&teams=0,Fri,0.6666666666666666,@DJ_Vest,USF4,True,True,"@AJ34_SSB, Polaroidprod",440,Fri,2025-09-20T05:30:54.000Z,https://vortexgallery.moe/info#USF4,,Ultra Street Fighter IV,44 / 64,"DJVest (he/him), Nerd in the Bay (he/him)",6,recL4olI8F4jslhNf,DJVest_UG#724762,1,"reclxclBmExhutiC5, reclwc2vNoBGe4b2h","reca5R6jcnOHP5KAC, reca5R6jcnOHP5KAC",0,True,69%,2/3,https://v5.airtableusercontent.com/v3/u/57/57/1790683200000/STOY4nTZadKFvR8ZbM1pFA/GNRXvMCkXEN_O4cPXdKwOgWPmnh95h52CVnk7erny5hxriMEQeP0IWl_sAifQozOcN8PfIURgo6_jSBFvc3qXz2B_pW3X5zs0WagW7yOTRY4gJz23wXK3HBDbx_hxO9aR65IGXxY0sbIiG1xMvVyU4SI0iusbfphWteD7FMIFmM/ScJEefeGLVwD87qkZ92gVa-ME-IWOQaOj4x0XuVqsAI,True,https://www.start.gg/tournament/vortex-gallery-at-frosty-faustings-xviii-2026/event/ultra-street-fighter-iv,4,4,12:00pm,,None,https://drive.google.com/uc?id=1u0iXVwPHMSKPqtC6Vq44lhf2pscnPJqQ,"recDVN11aJAA0rCvL, recLLgNg9AXYNBqEx","recAkIYac9wvjagrM, recf85xQgZHYzNubB",16,Fri 01/30 12:00pm,recLsnyNbU1leh7O6,recrOH0Q3uu7cUv9J,https://v5.airtableusercontent.com/v3/u/57/57/1790683200000/x--U_ISf_huJStBI45jnrw/W8_F3-X6l6IvTLZwQ0Qfrz6VgEp1enmowD1Fmc3kKS0G9nfywT66adlC-DFvz1lmBVIeKBc9l1YUBNBjHPR_GU3-BL8KZ2jHwAIANp8fCZgauPwv0R_k_ZtRQNDBXPPmlXvgQV_d8CK3Dkq665bXuXJtdxmg_weAhUXdZfI-zYI/WEaplTWh7k3pKo5M8utQjOjNFq-ZqZTrAC0kdCVNKb8,USF4 (PS4),12:00pm,2,Winner must keep character. Loser may switch.,True,"recL4olI8F4jslhNf, recDxr55DJsD6gkfu",0,1,3,4,10:00am,Fri 1/30,PS4,Confirmed,True,64,recHpnmxHT4kICnBf,SF4,recC3bVILzQfiNA0S,DJVest,4 Hours,3 Hours,1 PM,recWbb5JsXA668NMu,https://matcherino.com/tournaments/158937,2026-02-10T18:45:55.000Z,reca5R6jcnOHP5KAC,recFS6tb1CAxUgily,,"recRQOy1eaDlzGi6U, receJJmoxW3VEWw40, recfW2KMpg6oVSqkQ, rec8tW5J3mqCecER5, recL7ppz60qV31Nvz, recjs4eFxXk82iUYr, recoEdneBIEGJyfcj, recQJeo2fEdR2ApRJ",Collected,https://v5.airtableusercontent.com/v3/u/57/57/1790683200000/xVUKNXLVuYPBUOlqAfaMdw/dryQTN2SJL3EeTrl4vCUMiY3prFE7SefoPX7MObdqarUrF3RcnQgR8x05ss2W5Yc-nFgOt3IJuZsTVyyZwKQO8q5LCLAHxLIeayihiRgQ1B9HXGetAnPGWKQXcOK-uv2HwJHCWsA8hC-lq5rGPoORgXmnXyep-HQz0wc6PqFHtE/GxZBnC_O5IHVtdh3tZEmB-E_osLc_wwxJATl4Sj2kJE,SF4,recV6irNLkHsWnj0B,https://matcherino.com/tournaments/158937/admin/general,1,Double Elimination,https://twitch.tv/ugsgaming,UGS,Fri 12pm,0,https://www.start.gg/tournament/vortex-gallery-at-frosty-faustings-xviii-2026/event/ultra-street-fighter-iv,312.5,,f6979bbb,https://matcherino.com/tournaments/158937,10,Fri 01/30 10:00am,recLyryMnJ7mr58mU,USF4%20%28PS4%29,1402943,1st Lineup,recAkIYac9wvjagrM,UGS,True,"3/5 Games for Losers Finals, 3/5 Games for Winners Finals, 3/5 Games for Grand Finals","DJVest,Nerd in the Bay","recwSarOpP5xB5RZO, reclac9DidNZheYvF",2/3,"@DJ_Vest, @marcoplo177",f6979bbb,SF4,USF4,"https://www.start.gg/admin/tournament/vortex-gallery-at-frosty-faustings-xviii-2026/attendees?page=1&filter=%7B""eventIds""%3A%5B1402943%5D%7D",50/25/15/10,440,1,Fri 1/30,Jako Man,"1769788800, 1769796000",Yes. We will add in a pot bonus to the Matcherino page ,300,"DJVest,Jako Man","recL4olI8F4jslhNf, recWbb5JsXA668NMu",,None,,None,,,"Thu 1/29, Sun 2/1",,,,,,,,
1,,nautilusrepertus,Sun 12pm,True,nautilusrepertus,True,reccBzeE7jvac839k,https://www.start.gg/admin/tournament/vortex-gallery-at-frosty-faustings-xviii-2026/brackets/1402942,"recOtjjcY8swRuuLj, recDlyBXBhh7H8Jcv, recDDo59u0K1i7yMz, recqeDMjzioYNiyM9",Windjammers 2 (PS4),https://twitch.tv/matchstickmelee,38,,https://topinfinity.org/?game=21953&event=1402942&theme=vgffxviii&teams=0,Sun,1,,Windjammers,True,True,"@matchstickmelee, @StoveFGC",190,Sun,2025-09-20T05:30:51.000Z,https://vortexgallery.moe/info#WJ2,,Windjammers 2,38 / 64,"XagrandK (they/them), TiZ (he/him, they/them)",4,recEYsgaYPkjyVCpf,nautilusrepertus#1155076,1,"rec9LivKxtvNnsfNx, recwL3N1Dg3HSuB8Z",recxMC4P6LO0TmJ5y,0,True,59%,2/3,https://v5.airtableusercontent.com/v3/u/57/57/1790683200000/fMdU6NQgTCxPhkR42zDFOA/28wweYLHERHjZJZtKY3Cp1sBqc7NxxpaVY4SEVh81pU4F8-0tiivEH20nokgQ6svrnp4Z8f80fptVPNJRVvtFLJgojA3QizlvSq0XjW_B44AIs17F3o_-ctWypqbTO-k1Y1MHkJGdNdlQDSdnppRXQ/-hqGeKepe6P-GltF8T7zJHnpkXulzfQVSPrxp0PQZbA,True,https://www.start.gg/tournament/vortex-gallery-at-frosty-faustings-xviii-2026/event/windjammers-2,4,4,02:00pm,,None,https://drive.google.com/uc?id=1KxyVpQV31-s4ZCQQujPXac7GT3iFXds_,"recWpR0UJy0EN8VgI, rectJIosDQ5rYv0FO","recqOUcoTp8XvsDIf, recNWvKA3ZAvsoi2l",21953,Sun 02/01 05:00pm,,recrdIFAdCAqIEim4,https://v5.airtableusercontent.com/v3/u/57/57/1790683200000/H8QQBUqj50MWoyM5mxs8CA/AN5QWBdHk0FMgQ8SAaAjupzUu2433dV9wX9hERPQXO7Y2Yj50fvg_cSXfx49l9RWqYEJ2akkmZ1yaOYaTunM0H0kazrsrLQ3Qcw4sgBOo6fCvOO0NeKC8st-e8JkB7s2Ge6nCEUixxgCb9mjfJG_o7fpAGA9wcS6PaLvwUzs1CI/SjFydVWviXFu7lVQWQNytbxjcK-w0r1Ut0MHNj6eopM,WJ2 (PS4),05:00pm,2,Winner must keep character. Loser may switch.,True,"recz8iwUiF9RLhh8Z, recoJH4Ioe1ilO0Gc",0,1,3,4,12:00pm,Sun 2/1,PS4,Confirmed,True,64,rechc4D8EIAf7vfSw,WJ2,recTd8wNvFcEjKk6D,NautilusRepertus,6 Hours,3 Hours,12 PM,,https://matcherino.com/tournaments/158939,2026-02-06T07:15:01.000Z,recxMC4P6LO0TmJ5y,rec1xk3qcieA8BCk3,,"recLQnHNwdUU1LVql, rechhgXaqmjvBYnH1, recpAn1JQvBAPnLhR, rec2YyqVKQW1kz7wV, recj00ghFtzknQafJ, recdz6givErmm2fLw, recQrVgJsbYlpQwFY, rectMqkUb7NAoITdS",Collected,,WJ2,recV6irNLkHsWnj0B,https://matcherino.com/tournaments/158939/admin/general,1,Double Elimination,https://twitch.tv/matchstickmelee,,Sun 5pm,,https://www.start.gg/tournament/vortex-gallery-at-frosty-faustings-xviii-2026/event/windjammers-2,41.75,,e68b9b37,https://matcherino.com/tournaments/158939,5,Sun 02/01 12:00pm,recrkWLa7Y7Xiiv5d,WJ2%20%28PS4%29,1402942,1st Lineup,recqOUcoTp8XvsDIf,"None, MM",True,"2/3 Games for Losers Finals, 2/3 Games for Winners Finals, 3/5 Games for Grand Finals","XagrandK,TiZ","recArWegKoDSPuCZE, recot9Z3qqXGv5m5o",2/3,"@xagrand, @tiz.northsky.social",e68b9b37,WJ2,WJ2,"https://www.start.gg/admin/tournament/vortex-gallery-at-frosty-faustings-xviii-2026/attendees?page=1&filter=%7B""eventIds""%3A%5B1402942%5D%7D",50/25/15/10,190,1,Sat 1/31,,"1769968800, 1769986800",,,,,N/A,N/A,,N/A,Casino is still banned.,,,,,,,,,,
1,,thorntheletter,Sun 12pm,True,thorntheletter,True,,https://www.start.gg/admin/tournament/vortex-gallery-at-frosty-faustings-xviii-2026/brackets/1402974,"recFPpeUBm5AQd0F5, recCxzsBQxvfC8SJ1, recznKVSNn82ZWoto",Wonderful World (PC),https://twitch.tv/ugsgaming,21,,https://topinfinity.org/?game=i&event=1402974&theme=vgffxviii&teams=0,Sun,1,thorntheletter,WanWan,True,True,,105,Sun,2025-09-20T05:30:49.000Z,https://vortexgallery.moe/info#WW,,Wonderful World,21 / 64,"Chrono Sanaki (he/him), Razeq (he/him)",4,recWMjAg0jE4Xi4yj,thorntheletter#957944,1,"recIHZxtDK50vkwbU, recSYjMUWlbLmubEp",reca5R6jcnOHP5KAC,0,True,33%,2/3,https://v5.airtableusercontent.com/v3/u/57/57/1790683200000/aMeEJccmMxv2xq23BYlGuw/neGsQYPMpcX3iHx8hfCCyk4UJActbio6casaYYCXihrfAQSwKi6QkWXf-3clTfvBEblTblsciP1ol69dev_jaLPk6Ko2eMNFP9LqN97HoNtSmdbQVDbK0y2Xwxy3yE4GfNglG-r3liUXedsQbcKDuPSlJwH1D44pYd6mOiaQYLM/b7HYgHawp6-e2fX6GgHvrO3LJ1uUt3NaPpTJFHsLY38,True,https://www.start.gg/tournament/vortex-gallery-at-frosty-faustings-xviii-2026/event/wonderful-world,3,4,02:00pm,,None,https://drive.google.com/uc?id=1LjVCK1ked817ziGtCg14WzEE3z5xXKpZ,"recnIYfFwJeQfpz2g, rec72936jsUYK12k7","recqOUcoTp8XvsDIf, recUP9GsbUZCriHeq",i,Sun 02/01 06:00pm,rectc4aAxSHfKciCE,rec5LwjDzlFeol8CC,https://v5.airtableusercontent.com/v3/u/57/57/1790683200000/mkPCU6EKbvb01wKNGlyj0A/xPUaiFESBUzKWa3h6I-mIv4YWiYNQLZwoc6XY4emGRNo6c5zyNAgB_akeNNDgD3WeKmahpOAH_TomP0j7Z92xj5Q6SfmOxCWTRHs-WsSLJC5oUHHdl_g168OVheYr5a-3MTyr7NrkHNw414HbTfmvCMYz5s0A283ql2ha4WbK-s/3DR9qQnRN0gJYULJ7XHpd0PTJqrUmz6jqv4BqCBAMvM,WW (PC),06:00pm,2,Winner must keep character. Loser may switch.,True,"recpdBbNorVCeDlKg, reclSRheSUmlMa9vZ",0,0,3,3,12:00pm,"Thu 1/29, Fri 1/30, Sat 1/31",PC,Confirmed,True,64,rec8GAdYl6aqwrQdM,WanWan,recQNY2f4x1heawiK,thorntheletter,4 Hours,3 Hours,3 PM,recLUzLbeHjHvr7mO,https://matcherino.com/tournaments/158938,2026-02-10T19:01:59.000Z,reca5R6jcnOHP5KAC,recnQzV4TTkDLuqNg,,"rec3VucC4mmVcq3pQ, recoEbyS7BiXekR1f, recfeA5PutvUUKRiK, recVai1GEkwN9zK6K, recTCMNeQrTsP9cxT, recyWaqrP1dsGXxBC, recniWyoMTWyGvszf, recCvOosFHK0MB3uX",Collected,https://v5.airtableusercontent.com/v3/u/57/57/1790683200000/WygCJYhu_u-ocUvENNhZiA/RHPS9GrOOGDfT-BDoJpMgDj5lt-ys-VNcKv_JW9WapCcuUgU7fM-YcMJDF1HIgF0Gi2UB1dlqoNWvmY9nxbAgw3rJElQUv92Xkvbmxie0CPogTIMjmB10vwuoYR5XCo0a5tkyb1gv3U_6T-kzuA1fUO5XPsqcHd24BJ6HABWWeKiIq3_uav46N1CI_i-jB1bxErb1-3VVwS-mD2lx6pRVxaX9REnEnA9auPbRCrFX08odbwWf443d00XjZDK6bb8EuJP3G5KhO5Mtg_BFGhnpWw6VKd-KBkndt05lTpGw_Y/qE9b3AIZpKsXzlZjI0QSHBzVutR5Q__Jww6Dcx7dqvA,WanWan,recUTDtHkKsAuW7Tu,https://matcherino.com/tournaments/158938/admin/general,1,Double Elimination,https://twitch.tv/ugsgaming,,Sun 6pm,0,https://www.start.gg/tournament/vortex-gallery-at-frosty-faustings-xviii-2026/event/wonderful-world,212.5,,a7ae2760,https://matcherino.com/tournaments/158938,5,Sun 02/01 12:00pm,recO8Coa8d7ZDP4nl,WW%20%28PC%29,1402974,1st Lineup,recqOUcoTp8XvsDIf,"None, UGS",True,"3/5 Games for Losers Finals, 3/5 Games for Winners Finals, 3/5 Games for Grand Finals","Chrono Sanaki,Razeq",,2/3,"@ChronoSanaki, @RazeqFGC",a7ae2760,WanWan,WW,"https://www.start.gg/admin/tournament/vortex-gallery-at-frosty-faustings-xviii-2026/attendees?page=1&filter=%7B""eventIds""%3A%5B1402974%5D%7D",60/30/10,105,1,Sun 2/1,Melissa Meant It,"1769968800, 1769990400",,,,,Timer: 0 (no timer),"buttonbinds: download
vanguard princess launcher: download, put in the game directory. set the game path and lilithport / morningstar path if those are being used
lilithport / morningstar (optional, for saving replays): download, run and set the executable to wonderful world ",,,,,,,,,,,,,
